{
    "metrics": {
        "http_req_failed": {
            "passes": 0,
            "fails": 33188,
            "thresholds": {
                "rate<0.10": false
            },
            "value": 0
        },
        "http_req_receiving": {
            "max": 10.9036,
            "p(90)": 0.7356,
            "p(95)": 2.5955749999999966,
            "avg": 0.35202599132216505,
            "min": 0,
            "med": 0
        },
        "http_req_waiting": {
            "p(95)": 5.985324999999999,
            "avg": 1.709179375075308,
            "min": 0,
            "med": 0.5443,
            "max": 143.0217,
            "p(90)": 4.5347
        },
        "vus_max": {
            "value": 50,
            "min": 50,
            "max": 50
        },
        "http_req_sending": {
            "avg": 0.004779468482584068,
            "min": 0,
            "med": 0,
            "max": 3.4631,
            "p(90)": 0,
            "p(95)": 0
        },
        "vus": {
            "value": 1,
            "min": 1,
            "max": 49
        },
        "http_req_tls_handshaking": {
            "p(95)": 0,
            "avg": 0,
            "min": 0,
            "med": 0,
            "max": 0,
            "p(90)": 0
        },
        "iterations": {
            "count": 4741,
            "rate": 78.54800384877598
        },
        "data_received": {
            "count": 17930752,
            "rate": 297073.3552219885
        },
        "http_reqs": {
            "count": 33188,
            "rate": 549.8525947549414
        },
        "http_req_duration": {
            "p(95)": 6.237229999999999,
            "avg": 2.065984834880061,
            "min": 0,
            "med": 0.96895,
            "max": 146.0982,
            "p(90)": 5.030149999999999,
            "thresholds": {
                "p(95)<2000": false
            }
        },
        "http_req_connecting": {
            "avg": 0.000381607810051826,
            "min": 0,
            "med": 0,
            "max": 0.5507,
            "p(90)": 0,
            "p(95)": 0
        },
        "data_sent": {
            "count": 9881037,
            "rate": 163707.1782969622
        },
        "http_req_duration{expected_response:true}": {
            "min": 0,
            "med": 0.96895,
            "max": 146.0982,
            "p(90)": 5.030149999999999,
            "p(95)": 6.237229999999999,
            "avg": 2.065984834880061
        },
        "checks": {
            "passes": 33188,
            "fails": 0,
            "value": 1
        },
        "iteration_duration": {
            "avg": 315.04275775152956,
            "min": 308.0349,
            "med": 313.1947,
            "max": 468.287,
            "p(90)": 319.7753,
            "p(95)": 322.9918
        },
        "http_req_blocked": {
            "max": 4.2632,
            "p(90)": 0,
            "p(95)": 0,
            "avg": 0.0015347414728215018,
            "min": 0,
            "med": 0
        }
    },
    "setup_data": {
        "token": "eyJhbGciOiJIUzI1NiIsInR5cCI6IkpXVCJ9.eyJ1bmlxdWVfbmFtZSI6ImFkbWluQG1pY3Jvc29mdC5jb20iLCJyb2xlIjoiQWRtaW5pc3RyYXRvcnMiLCJuYmYiOjE3NzQ5NjU0NzUsImV4cCI6MTc3NTU3MDI3NSwiaWF0IjoxNzc0OTY1NDc1fQ.ujtGQLDEdfRP2mKjnDTmEgoDTGPchMa8M0APQ9OWIvg"
    },
    "root_group": {
        "name": "",
        "path": "",
        "id": "d41d8cd98f00b204e9800998ecf8427e",
        "groups": {
            "setup": {
                "name": "setup",
                "path": "::setup",
                "id": "5c0f8025f7e0b6654089e5b00e950f1a",
                "groups": {},
                "checks": {
                        "auth 200": {
                            "passes": 1,
                            "fails": 0,
                            "name": "auth 200",
                            "path": "::setup::auth 200",
                            "id": "739fb15207d8222a116cd477eb8d845b"
                        }
                    }
            }
        },
        "checks": {
            "create 201": {
                "name": "create 201",
                "path": "::create 201",
                "id": "156654209db568811cc0f7da2d599478",
                "passes": 4741,
                "fails": 0
            },
            "get created 200": {
                "fails": 0,
                "name": "get created 200",
                "path": "::get created 200",
                "id": "d335417f25685b45b2df21e629834dbe",
                "passes": 4741
            },
            "update 200": {
                "passes": 4741,
                "fails": 0,
                "name": "update 200",
                "path": "::update 200",
                "id": "7ea104c1961d25326c0409f06885ea15"
            },
            "delete 200": {
                "path": "::delete 200",
                "id": "af4feca1c2c2f59fc45437b5fd44da76",
                "passes": 4741,
                "fails": 0,
                "name": "delete 200"
            },
            "list 200": {
                "passes": 4741,
                "fails": 0,
                "name": "list 200",
                "path": "::list 200",
                "id": "bb957fc3b3b94304050fa1ff782f2f89"
            },
            "brands 200": {
                "name": "brands 200",
                "path": "::brands 200",
                "id": "5f8500be7d630320b5268a356b6b08f6",
                "passes": 4741,
                "fails": 0
            },
            "types 200": {
                "name": "types 200",
                "path": "::types 200",
                "id": "593eae1d2a83c4fa30bdf56b6ece6f95",
                "passes": 4741,
                "fails": 0
            }
        }
    }
}