{
    "metrics": {
        "vus_max": {
            "min": 50,
            "max": 50,
            "value": 50
        },
        "http_req_duration": {
            "p(90)": 1.6325200000000004,
            "p(95)": 1.9181099999999998,
            "avg": 0.8264993574879231,
            "min": 0,
            "med": 0.7163,
            "max": 191.7377,
            "thresholds": {
                "p(95)<2000": false
            }
        },
        "http_req_waiting": {
            "med": 0.5145,
            "max": 190.0289,
            "p(90)": 1.2742100000000003,
            "p(95)": 1.6432399999999994,
            "avg": 0.5696894975845405,
            "min": 0
        },
        "iteration_duration": {
            "p(90)": 507.81522,
            "p(95)": 508.3902,
            "avg": 506.3829668583027,
            "min": 503.4586,
            "med": 506.0825,
            "max": 640.236
        },
        "http_req_failed": {
            "passes": 0,
            "fails": 20700,
            "thresholds": {
                "rate<0.05": false
            },
            "value": 0
        },
        "http_req_tls_handshaking": {
            "avg": 0,
            "min": 0,
            "med": 0,
            "max": 0,
            "p(90)": 0,
            "p(95)": 0
        },
        "vus": {
            "value": 3,
            "min": 1,
            "max": 49
        },
        "http_req_connecting": {
            "avg": 0.0004871932367149759,
            "min": 0,
            "med": 0,
            "max": 0.5497,
            "p(90)": 0,
            "p(95)": 0
        },
        "http_req_sending": {
            "max": 1.3449,
            "p(90)": 0,
            "p(95)": 0,
            "avg": 0.006504555555555559,
            "min": 0,
            "med": 0
        },
        "data_sent": {
            "count": 4403949,
            "rate": 72594.46719113909
        },
        "http_req_receiving": {
            "p(95)": 1.005815,
            "avg": 0.2503053043478259,
            "min": 0,
            "med": 0,
            "max": 13.8904,
            "p(90)": 0.8099100000000001
        },
        "http_reqs": {
            "count": 20700,
            "rate": 341.21772773857714
        },
        "http_req_duration{expected_response:true}": {
            "med": 0.7163,
            "max": 191.7377,
            "p(90)": 1.6325200000000004,
            "p(95)": 1.9181099999999998,
            "avg": 0.8264993574879231,
            "min": 0
        },
        "http_req_blocked": {
            "med": 0,
            "max": 2.645,
            "p(90)": 0,
            "p(95)": 0,
            "avg": 0.0022479903381642514,
            "min": 0
        },
        "data_received": {
            "count": 11289443,
            "rate": 186094.5936180766
        },
        "checks": {
            "passes": 23657,
            "fails": 0,
            "value": 1
        },
        "iterations": {
            "count": 2957,
            "rate": 48.743034827196745
        }
    },
    "setup_data": {
        "token": "eyJhbGciOiJIUzI1NiIsInR5cCI6IkpXVCJ9.eyJ1bmlxdWVfbmFtZSI6ImFkbWluQG1pY3Jvc29mdC5jb20iLCJyb2xlIjoiQWRtaW5pc3RyYXRvcnMiLCJuYmYiOjE3NzQ5NjUyMTksImV4cCI6MTc3NTU3MDAxOSwiaWF0IjoxNzc0OTY1MjE5fQ.LfZ0nF0DxnFr1nXgDTJcZI9X2g8L42KXWNzTgIBwCxw"
    },
    "root_group": {
        "name": "",
        "path": "",
        "id": "d41d8cd98f00b204e9800998ecf8427e",
        "groups": {
            "setup": {
                "path": "::setup",
                "id": "5c0f8025f7e0b6654089e5b00e950f1a",
                "groups": {},
                "checks": {
                        "auth 200": {
                            "name": "auth 200",
                            "path": "::setup::auth 200",
                            "id": "739fb15207d8222a116cd477eb8d845b",
                            "passes": 1,
                            "fails": 0
                        }
                    },
                "name": "setup"
            }
        },
        "checks": {
            "catalog list 200": {
                "name": "catalog list 200",
                "path": "::catalog list 200",
                "id": "aad072edee74164fc9b8c1524052d20b",
                "passes": 2957,
                "fails": 0
            },
            "catalog has items": {
                "fails": 0,
                "name": "catalog has items",
                "path": "::catalog has items",
                "id": "04890e4ce7c22daebc8706c25f9ddc9f",
                "passes": 2957
            },
            "item detail 200": {
                "path": "::item detail 200",
                "id": "7f5666810b13a32df7652f9277560526",
                "passes": 2957,
                "fails": 0,
                "name": "item detail 200"
            },
            "brands 200": {
                "id": "5f8500be7d630320b5268a356b6b08f6",
                "passes": 2957,
                "fails": 0,
                "name": "brands 200",
                "path": "::brands 200"
            },
            "types 200": {
                "fails": 0,
                "name": "types 200",
                "path": "::types 200",
                "id": "593eae1d2a83c4fa30bdf56b6ece6f95",
                "passes": 2957
            },
            "health 200": {
                "id": "8e4f90a842a57472549a6b2cf699032d",
                "passes": 2957,
                "fails": 0,
                "name": "health 200",
                "path": "::health 200"
            },
            "update 200": {
                "name": "update 200",
                "path": "::update 200",
                "id": "7ea104c1961d25326c0409f06885ea15",
                "passes": 2957,
                "fails": 0
            },
            "create 201": {
                "path": "::create 201",
                "id": "156654209db568811cc0f7da2d599478",
                "passes": 2957,
                "fails": 0,
                "name": "create 201"
            }
        }
    }
}