{
    "root_group": {
        "name": "",
        "path": "",
        "id": "d41d8cd98f00b204e9800998ecf8427e",
        "groups": {},
        "checks": {
                "catalog 200": {
                    "path": "::catalog 200",
                    "id": "eebf69297bd2d45f982329d2c19ee960",
                    "passes": 100,
                    "fails": 0,
                    "name": "catalog 200"
                },
                "item 200": {
                    "passes": 100,
                    "fails": 0,
                    "name": "item 200",
                    "path": "::item 200",
                    "id": "ffdcb4ce8d92f84861166ea04707398a"
                },
                "brands 200": {
                    "name": "brands 200",
                    "path": "::brands 200",
                    "id": "5f8500be7d630320b5268a356b6b08f6",
                    "passes": 100,
                    "fails": 0
                },
                "types 200": {
                    "name": "types 200",
                    "path": "::types 200",
                    "id": "593eae1d2a83c4fa30bdf56b6ece6f95",
                    "passes": 100,
                    "fails": 0
                },
                "auth 200": {
                    "name": "auth 200",
                    "path": "::auth 200",
                    "id": "88c2b5273b2807f5ce094aef111972e8",
                    "passes": 100,
                    "fails": 0
                }
            }
    },
    "metrics": {
        "iterations": {
            "count": 100,
            "rate": 9.848260464823122
        },
        "http_req_connecting": {
            "med": 0,
            "max": 1.1041,
            "p(90)": 0,
            "p(95)": 0,
            "avg": 0.006732200000000001,
            "min": 0
        },
        "http_req_waiting": {
            "p(90)": 3.9370200000000004,
            "p(95)": 4.929145,
            "avg": 1.1945056000000016,
            "min": 0,
            "med": 0.53575,
            "max": 8.3143
        },
        "http_req_blocked": {
            "avg": 0.0780488,
            "min": 0,
            "med": 0,
            "max": 8.0316,
            "p(90)": 0,
            "p(95)": 0
        },
        "data_sent": {
            "count": 57700,
            "rate": 5682.446288202941
        },
        "data_received": {
            "count": 310100,
            "rate": 30539.4557014165
        },
        "vus_max": {
            "value": 5,
            "min": 5,
            "max": 5
        },
        "http_req_receiving": {
            "avg": 0.14027700000000004,
            "min": 0,
            "med": 0,
            "max": 3.3694,
            "p(90)": 0.3662100000000007,
            "p(95)": 0.538005
        },
        "http_req_sending": {
            "max": 0.5103,
            "p(90)": 0,
            "p(95)": 0,
            "avg": 0.004588200000000001,
            "min": 0,
            "med": 0
        },
        "vus": {
            "value": 5,
            "min": 5,
            "max": 5
        },
        "http_reqs": {
            "rate": 49.24130232411561,
            "count": 500
        },
        "http_req_tls_handshaking": {
            "p(95)": 0,
            "avg": 0,
            "min": 0,
            "med": 0,
            "max": 0,
            "p(90)": 0
        },
        "http_req_failed": {
            "passes": 0,
            "fails": 500,
            "value": 0
        },
        "http_req_duration": {
            "p(90)": 4.2993,
            "p(95)": 5.04932,
            "avg": 1.3393708000000017,
            "min": 0,
            "med": 0.5959,
            "max": 8.4103
        },
        "checks": {
            "fails": 0,
            "passes": 500,
            "value": 1
        },
        "iteration_duration": {
            "p(95)": 510.68691,
            "avg": 507.597387,
            "min": 504.6687,
            "med": 507.2452,
            "max": 517.3542,
            "p(90)": 509.2279
        },
        "http_req_duration{expected_response:true}": {
            "max": 8.4103,
            "p(90)": 4.2993,
            "p(95)": 5.04932,
            "avg": 1.3393708000000017,
            "min": 0,
            "med": 0.5959
        }
    }
}