{
    "metrics": {
        "vus": {
            "value": 3,
            "min": 1,
            "max": 49
        },
        "http_req_tls_handshaking": {
            "p(90)": 0,
            "p(95)": 0,
            "avg": 0,
            "min": 0,
            "med": 0,
            "max": 0
        },
        "http_req_failed": {
            "passes": 0,
            "fails": 20679,
            "thresholds": {
                "rate<0.05": false
            },
            "value": 0
        },
        "http_reqs": {
            "count": 20679,
            "rate": 341.05435094682707
        },
        "http_req_blocked": {
            "p(95)": 0,
            "avg": 0.0023875235746409406,
            "min": 0,
            "med": 0,
            "max": 1.5744,
            "p(90)": 0
        },
        "http_req_receiving": {
            "avg": 0.2463829005271045,
            "min": 0,
            "med": 0,
            "max": 13.1312,
            "p(90)": 0.81462,
            "p(95)": 1.0407499999999992
        },
        "http_req_duration{expected_response:true}": {
            "med": 0.7344,
            "max": 183.7752,
            "p(90)": 1.6530200000000002,
            "p(95)": 1.9407,
            "avg": 0.866906905556355,
            "min": 0
        },
        "http_req_sending": {
            "avg": 0.0065346873639924585,
            "min": 0,
            "med": 0,
            "max": 1.188,
            "p(90)": 0,
            "p(95)": 0
        },
        "data_sent": {
            "count": 4399474,
            "rate": 72559.58941812665
        },
        "data_received": {
            "count": 11266162,
            "rate": 185810.41484461565
        },
        "checks": {
            "passes": 23633,
            "fails": 0,
            "value": 1
        },
        "vus_max": {
            "value": 50,
            "min": 50,
            "max": 50
        },
        "http_req_duration": {
            "avg": 0.866906905556355,
            "min": 0,
            "med": 0.7344,
            "max": 183.7752,
            "p(90)": 1.6530200000000002,
            "p(95)": 1.9407,
            "thresholds": {
                "p(95)<2000": false
            }
        },
        "iterations": {
            "count": 2954,
            "rate": 48.71969402277321
        },
        "iteration_duration": {
            "avg": 506.6699643195659,
            "min": 504.1931,
            "med": 506.27565000000004,
            "max": 625.299,
            "p(90)": 507.63696,
            "p(95)": 508.11049499999996
        },
        "http_req_connecting": {
            "min": 0,
            "med": 0,
            "max": 0.863,
            "p(90)": 0,
            "p(95)": 0,
            "avg": 0.0006032883601721554
        },
        "http_req_waiting": {
            "min": 0,
            "med": 0.5179,
            "max": 176.6063,
            "p(90)": 1.3490600000000001,
            "p(95)": 1.6351,
            "avg": 0.6139893176652672
        }
    },
    "setup_data": {
        "token": "eyJhbGciOiJIUzI1NiIsInR5cCI6IkpXVCJ9.eyJ1bmlxdWVfbmFtZSI6ImFkbWluQG1pY3Jvc29mdC5jb20iLCJyb2xlIjoiQWRtaW5pc3RyYXRvcnMiLCJuYmYiOjE3NzQ5NjM3MjYsImV4cCI6MTc3NTU2ODUyNiwiaWF0IjoxNzc0OTYzNzI2fQ.wQJ5U_6rEkHSEhaUrSJAu3nvhpmwnmWzn9JP9SKwyx0"
    },
    "root_group": {
        "id": "d41d8cd98f00b204e9800998ecf8427e",
        "groups": {
            "setup": {
                "name": "setup",
                "path": "::setup",
                "id": "5c0f8025f7e0b6654089e5b00e950f1a",
                "groups": {},
                "checks": {
                        "auth 200": {
                            "path": "::setup::auth 200",
                            "id": "739fb15207d8222a116cd477eb8d845b",
                            "passes": 1,
                            "fails": 0,
                            "name": "auth 200"
                        }
                    }
            }
        },
        "checks": {
            "catalog list 200": {
                "fails": 0,
                "name": "catalog list 200",
                "path": "::catalog list 200",
                "id": "aad072edee74164fc9b8c1524052d20b",
                "passes": 2954
            },
            "catalog has items": {
                "id": "04890e4ce7c22daebc8706c25f9ddc9f",
                "passes": 2954,
                "fails": 0,
                "name": "catalog has items",
                "path": "::catalog has items"
            },
            "item detail 200": {
                "passes": 2954,
                "fails": 0,
                "name": "item detail 200",
                "path": "::item detail 200",
                "id": "7f5666810b13a32df7652f9277560526"
            },
            "brands 200": {
                "name": "brands 200",
                "path": "::brands 200",
                "id": "5f8500be7d630320b5268a356b6b08f6",
                "passes": 2954,
                "fails": 0
            },
            "types 200": {
                "passes": 2954,
                "fails": 0,
                "name": "types 200",
                "path": "::types 200",
                "id": "593eae1d2a83c4fa30bdf56b6ece6f95"
            },
            "health 200": {
                "name": "health 200",
                "path": "::health 200",
                "id": "8e4f90a842a57472549a6b2cf699032d",
                "passes": 2954,
                "fails": 0
            },
            "update 200": {
                "name": "update 200",
                "path": "::update 200",
                "id": "7ea104c1961d25326c0409f06885ea15",
                "passes": 2954,
                "fails": 0
            },
            "create 201": {
                "name": "create 201",
                "path": "::create 201",
                "id": "156654209db568811cc0f7da2d599478",
                "passes": 2954,
                "fails": 0
            }
        },
        "name": "",
        "path": ""
    }
}