{
    "metrics": {
        "iterations": {
            "count": 2974,
            "rate": 49.451865808587556
        },
        "http_reqs": {
            "count": 20819,
            "rate": 346.1796887252805
        },
        "vus": {
            "value": 2,
            "min": 1,
            "max": 49
        },
        "data_received": {
            "count": 7568784,
            "rate": 125854.23359185763
        },
        "iteration_duration": {
            "max": 595.7276,
            "p(90)": 504.074,
            "p(95)": 504.42398000000003,
            "avg": 503.3880167787485,
            "min": 500.1252,
            "med": 503.21125
        },
        "vus_max": {
            "value": 50,
            "min": 50,
            "max": 50
        },
        "http_req_failed": {
            "passes": 5948,
            "fails": 14871,
            "thresholds": {
                "rate<0.05": true
            },
            "value": 0.28570056198664684
        },
        "http_req_connecting": {
            "min": 0,
            "med": 0,
            "max": 0.664,
            "p(90)": 0,
            "p(95)": 0,
            "avg": 0.0006616119890484654
        },
        "http_req_tls_handshaking": {
            "min": 0,
            "med": 0,
            "max": 0,
            "p(90)": 0,
            "p(95)": 0,
            "avg": 0
        },
        "http_req_duration{expected_response:true}": {
            "med": 0.5315,
            "max": 72.0754,
            "p(90)": 1.0284,
            "p(95)": 1.3043,
            "avg": 0.47822211014726174,
            "min": 0
        },
        "http_req_blocked": {
            "p(95)": 0,
            "avg": 0.0023445122244103943,
            "min": 0,
            "med": 0,
            "max": 3.1489,
            "p(90)": 0
        },
        "data_sent": {
            "rate": 50703.0944563228,
            "count": 3049248
        },
        "http_req_duration": {
            "avg": 0.38961246937893096,
            "min": 0,
            "med": 0.5146,
            "max": 72.0754,
            "p(90)": 0.89232,
            "p(95)": 1.1516899999999988,
            "thresholds": {
                "p(95)<2000": false
            }
        },
        "http_req_waiting": {
            "avg": 0.2977564916662661,
            "min": 0,
            "med": 0,
            "max": 56.6011,
            "p(90)": 0.6308600000000002,
            "p(95)": 0.8193299999999996
        },
        "http_req_receiving": {
            "p(90)": 0.3397,
            "p(95)": 0.5199099999999999,
            "avg": 0.08545003602478443,
            "min": 0,
            "med": 0,
            "max": 14.9394
        },
        "checks": {
            "passes": 17845,
            "fails": 5948,
            "value": 0.7500105072920606
        },
        "http_req_sending": {
            "med": 0,
            "max": 0.8985,
            "p(90)": 0,
            "p(95)": 0,
            "avg": 0.006405941687881252,
            "min": 0
        }
    },
    "setup_data": {
        "token": ""
    },
    "root_group": {
        "path": "",
        "id": "d41d8cd98f00b204e9800998ecf8427e",
        "groups": {
            "setup": {
                "groups": {},
                "checks": {
                        "auth 200": {
                            "passes": 1,
                            "fails": 0,
                            "name": "auth 200",
                            "path": "::setup::auth 200",
                            "id": "739fb15207d8222a116cd477eb8d845b"
                        }
                    },
                "name": "setup",
                "path": "::setup",
                "id": "5c0f8025f7e0b6654089e5b00e950f1a"
            }
        },
        "checks": {
            "catalog list 200": {
                "name": "catalog list 200",
                "path": "::catalog list 200",
                "id": "aad072edee74164fc9b8c1524052d20b",
                "passes": 2974,
                "fails": 0
            },
            "catalog has items": {
                "fails": 0,
                "name": "catalog has items",
                "path": "::catalog has items",
                "id": "04890e4ce7c22daebc8706c25f9ddc9f",
                "passes": 2974
            },
            "item detail 200": {
                "name": "item detail 200",
                "path": "::item detail 200",
                "id": "7f5666810b13a32df7652f9277560526",
                "passes": 2974,
                "fails": 0
            },
            "brands 200": {
                "name": "brands 200",
                "path": "::brands 200",
                "id": "5f8500be7d630320b5268a356b6b08f6",
                "passes": 2974,
                "fails": 0
            },
            "types 200": {
                "id": "593eae1d2a83c4fa30bdf56b6ece6f95",
                "passes": 2974,
                "fails": 0,
                "name": "types 200",
                "path": "::types 200"
            },
            "health 200": {
                "path": "::health 200",
                "id": "8e4f90a842a57472549a6b2cf699032d",
                "passes": 2974,
                "fails": 0,
                "name": "health 200"
            },
            "update 200": {
                "name": "update 200",
                "path": "::update 200",
                "id": "7ea104c1961d25326c0409f06885ea15",
                "passes": 0,
                "fails": 2974
            },
            "create 201": {
                "name": "create 201",
                "path": "::create 201",
                "id": "156654209db568811cc0f7da2d599478",
                "passes": 0,
                "fails": 2974
            }
        },
        "name": ""
    }
}