{
    "metrics": {
        "vus": {
            "value": 3,
            "min": 1,
            "max": 49
        },
        "http_req_tls_handshaking": {
            "p(95)": 0,
            "avg": 0,
            "min": 0,
            "med": 0,
            "max": 0,
            "p(90)": 0
        },
        "http_req_waiting": {
            "min": 0,
            "med": 0.5173,
            "max": 172.0219,
            "p(90)": 1.2413,
            "p(95)": 1.556475,
            "avg": 0.5702118872667501
        },
        "http_reqs": {
            "count": 20686,
            "rate": 341.12154868220057
        },
        "http_req_receiving": {
            "med": 0,
            "max": 15.1711,
            "p(90)": 0.8128,
            "p(95)": 1.018875,
            "avg": 0.2494716088175587,
            "min": 0
        },
        "http_req_duration": {
            "avg": 0.8262976022430617,
            "min": 0,
            "med": 0.7209,
            "max": 185.2089,
            "p(90)": 1.59295,
            "p(95)": 1.834125,
            "thresholds": {
                "p(95)<2000": false
            }
        },
        "http_req_duration{expected_response:true}": {
            "avg": 0.8262976022430617,
            "min": 0,
            "med": 0.7209,
            "max": 185.2089,
            "p(90)": 1.59295,
            "p(95)": 1.834125
        },
        "data_sent": {
            "count": 4401053,
            "rate": 72575.36571557792
        },
        "http_req_failed": {
            "passes": 0,
            "fails": 20686,
            "thresholds": {
                "rate<0.05": false
            },
            "value": 0
        },
        "iterations": {
            "rate": 48.729294032481036,
            "count": 2955
        },
        "http_req_sending": {
            "avg": 0.006614106158754716,
            "min": 0,
            "med": 0,
            "max": 1.2196,
            "p(90)": 0,
            "p(95)": 0
        },
        "http_req_connecting": {
            "avg": 0.0005602049695446194,
            "min": 0,
            "med": 0,
            "max": 0.6133,
            "p(90)": 0,
            "p(95)": 0
        },
        "data_received": {
            "count": 11282297,
            "rate": 186050.20909467977
        },
        "http_req_blocked": {
            "avg": 0.002267818814657256,
            "min": 0,
            "med": 0,
            "max": 2.6026,
            "p(90)": 0,
            "p(95)": 0
        },
        "iteration_duration": {
            "avg": 506.4078915736028,
            "min": 500.0228,
            "med": 506.1199,
            "max": 652.1457,
            "p(90)": 507.46112,
            "p(95)": 507.97406
        },
        "checks": {
            "fails": 0,
            "passes": 23641,
            "value": 1
        },
        "vus_max": {
            "value": 50,
            "min": 50,
            "max": 50
        }
    },
    "setup_data": {
        "token": "eyJhbGciOiJIUzI1NiIsInR5cCI6IkpXVCJ9.eyJ1bmlxdWVfbmFtZSI6ImFkbWluQG1pY3Jvc29mdC5jb20iLCJyb2xlIjoiQWRtaW5pc3RyYXRvcnMiLCJuYmYiOjE3NzQ5NjM2NTgsImV4cCI6MTc3NTU2ODQ1OCwiaWF0IjoxNzc0OTYzNjU4fQ.o8iEsiD3jcxft6NUeh5ru7XoFnfJ2x1NaSbMoH4_Fow"
    },
    "root_group": {
        "checks": {
            "catalog list 200": {
                "name": "catalog list 200",
                "path": "::catalog list 200",
                "id": "aad072edee74164fc9b8c1524052d20b",
                "passes": 2955,
                "fails": 0
            },
            "catalog has items": {
                "passes": 2955,
                "fails": 0,
                "name": "catalog has items",
                "path": "::catalog has items",
                "id": "04890e4ce7c22daebc8706c25f9ddc9f"
            },
            "item detail 200": {
                "id": "7f5666810b13a32df7652f9277560526",
                "passes": 2955,
                "fails": 0,
                "name": "item detail 200",
                "path": "::item detail 200"
            },
            "brands 200": {
                "name": "brands 200",
                "path": "::brands 200",
                "id": "5f8500be7d630320b5268a356b6b08f6",
                "passes": 2955,
                "fails": 0
            },
            "types 200": {
                "name": "types 200",
                "path": "::types 200",
                "id": "593eae1d2a83c4fa30bdf56b6ece6f95",
                "passes": 2955,
                "fails": 0
            },
            "health 200": {
                "passes": 2955,
                "fails": 0,
                "name": "health 200",
                "path": "::health 200",
                "id": "8e4f90a842a57472549a6b2cf699032d"
            },
            "update 200": {
                "name": "update 200",
                "path": "::update 200",
                "id": "7ea104c1961d25326c0409f06885ea15",
                "passes": 2955,
                "fails": 0
            },
            "create 201": {
                "fails": 0,
                "name": "create 201",
                "path": "::create 201",
                "id": "156654209db568811cc0f7da2d599478",
                "passes": 2955
            }
        },
        "name": "",
        "path": "",
        "id": "d41d8cd98f00b204e9800998ecf8427e",
        "groups": {
            "setup": {
                "name": "setup",
                "path": "::setup",
                "id": "5c0f8025f7e0b6654089e5b00e950f1a",
                "groups": {},
                "checks": {
                        "auth 200": {
                            "path": "::setup::auth 200",
                            "id": "739fb15207d8222a116cd477eb8d845b",
                            "passes": 1,
                            "fails": 0,
                            "name": "auth 200"
                        }
                    }
            }
        }
    }
}