{
    "metrics": {
        "data_received": {
            "count": 1505461,
            "rate": 16690.564486010637
        },
        "http_req_receiving": {
            "p(90)": 0.8768900000000001,
            "p(95)": 1.0682800000000003,
            "avg": 0.27332001450326304,
            "min": 0,
            "med": 0,
            "max": 9.8676
        },
        "http_req_duration": {
            "med": 0.9194,
            "max": 39825.3902,
            "p(90)": 1.7539700000000003,
            "p(95)": 2.08926,
            "avg": 471.6638929296602,
            "min": 0,
            "thresholds": {
                "p(95)<2000": false
            }
        },
        "http_req_duration{expected_response:true}": {
            "p(90)": 1.7539700000000003,
            "p(95)": 2.08926,
            "avg": 471.6638929296602,
            "min": 0,
            "med": 0.9194,
            "max": 39825.3902
        },
        "http_req_blocked": {
            "avg": 0.007149129804205947,
            "min": 0,
            "med": 0,
            "max": 2.6303,
            "p(90)": 0,
            "p(95)": 0
        },
        "checks": {
            "passes": 3157,
            "fails": 0,
            "value": 1
        },
        "data_sent": {
            "count": 587167,
            "rate": 6509.7326849100755
        },
        "http_req_failed": {
            "passes": 0,
            "fails": 2758,
            "thresholds": {
                "rate<0.05": false
            },
            "value": 0
        },
        "http_req_waiting": {
            "med": 0.5193,
            "max": 39825.3902,
            "p(90)": 1.4265,
            "p(95)": 1.7688,
            "avg": 471.38496816533745,
            "min": 0
        },
        "vus": {
            "value": 2,
            "min": 1,
            "max": 50
        },
        "http_reqs": {
            "count": 2758,
            "rate": 30.577063671803742
        },
        "http_req_tls_handshaking": {
            "p(95)": 0,
            "avg": 0,
            "min": 0,
            "med": 0,
            "max": 0,
            "p(90)": 0
        },
        "vus_max": {
            "value": 50,
            "min": 50,
            "max": 50
        },
        "http_req_sending": {
            "p(90)": 0,
            "p(95)": 0,
            "avg": 0.005604749818709208,
            "min": 0,
            "med": 0,
            "max": 1.1882
        },
        "iterations": {
            "rate": 4.357065273030773,
            "count": 393
        },
        "http_req_connecting": {
            "med": 0,
            "max": 0.6134,
            "p(90)": 0,
            "p(95)": 0,
            "avg": 0.0049390862944162445,
            "min": 0
        },
        "iteration_duration": {
            "max": 40331.4099,
            "p(90)": 13466.651620000011,
            "p(95)": 33073.948519999976,
            "avg": 3810.249120101782,
            "min": 504.5137,
            "med": 506.5335
        }
    },
    "setup_data": {
        "token": "eyJhbGciOiJIUzI1NiIsInR5cCI6IkpXVCJ9.eyJ1bmlxdWVfbmFtZSI6ImFkbWluQG1pY3Jvc29mdC5jb20iLCJyb2xlIjoiQWRtaW5pc3RyYXRvcnMiLCJuYmYiOjE3NzQ5NjIyODMsImV4cCI6MTc3NTU2NzA4MywiaWF0IjoxNzc0OTYyMjgzfQ.5LcgSkI8L50oClChN84D7qHUGbakARu7dYzb2AkqtX8"
    },
    "root_group": {
        "checks": {
            "catalog list 200": {
                "name": "catalog list 200",
                "path": "::catalog list 200",
                "id": "aad072edee74164fc9b8c1524052d20b",
                "passes": 399,
                "fails": 0
            },
            "catalog has items": {
                "path": "::catalog has items",
                "id": "04890e4ce7c22daebc8706c25f9ddc9f",
                "passes": 399,
                "fails": 0,
                "name": "catalog has items"
            },
            "item detail 200": {
                "name": "item detail 200",
                "path": "::item detail 200",
                "id": "7f5666810b13a32df7652f9277560526",
                "passes": 393,
                "fails": 0
            },
            "brands 200": {
                "name": "brands 200",
                "path": "::brands 200",
                "id": "5f8500be7d630320b5268a356b6b08f6",
                "passes": 393,
                "fails": 0
            },
            "types 200": {
                "passes": 393,
                "fails": 0,
                "name": "types 200",
                "path": "::types 200",
                "id": "593eae1d2a83c4fa30bdf56b6ece6f95"
            },
            "health 200": {
                "name": "health 200",
                "path": "::health 200",
                "id": "8e4f90a842a57472549a6b2cf699032d",
                "passes": 393,
                "fails": 0
            },
            "update 200": {
                "id": "7ea104c1961d25326c0409f06885ea15",
                "passes": 393,
                "fails": 0,
                "name": "update 200",
                "path": "::update 200"
            },
            "create 201": {
                "path": "::create 201",
                "id": "156654209db568811cc0f7da2d599478",
                "passes": 393,
                "fails": 0,
                "name": "create 201"
            }
        },
        "name": "",
        "path": "",
        "id": "d41d8cd98f00b204e9800998ecf8427e",
        "groups": {
            "setup": {
                "name": "setup",
                "path": "::setup",
                "id": "5c0f8025f7e0b6654089e5b00e950f1a",
                "groups": {},
                "checks": {
                        "auth 200": {
                            "name": "auth 200",
                            "path": "::setup::auth 200",
                            "id": "739fb15207d8222a116cd477eb8d845b",
                            "passes": 1,
                            "fails": 0
                        }
                    }
            }
        }
    }
}