{
    "metrics": {
        "vus_max": {
            "value": 50,
            "min": 50,
            "max": 50
        },
        "iteration_duration": {
            "p(95)": 507.691,
            "avg": 506.3444826513365,
            "min": 500.1394,
            "med": 506.1922,
            "max": 647.32,
            "p(90)": 507.33281999999997
        },
        "http_reqs": {
            "count": 20700,
            "rate": 341.3616610257367
        },
        "http_req_duration{expected_response:true}": {
            "p(95)": 1.871,
            "avg": 0.8455729178743948,
            "min": 0,
            "med": 0.79495,
            "max": 200.219,
            "p(90)": 1.6275
        },
        "http_req_receiving": {
            "p(95)": 1.080005,
            "avg": 0.2811627439613525,
            "min": 0,
            "med": 0,
            "max": 11.2614,
            "p(90)": 0.8707
        },
        "http_req_connecting": {
            "avg": 0.0007254975845410627,
            "min": 0,
            "med": 0,
            "max": 0.5512,
            "p(90)": 0,
            "p(95)": 0
        },
        "data_received": {
            "count": 11280726,
            "rate": 186029.3413012664
        },
        "http_req_failed": {
            "passes": 0,
            "fails": 20700,
            "thresholds": {
                "rate<0.05": false
            },
            "value": 0
        },
        "http_req_blocked": {
            "max": 2.6664,
            "p(90)": 0,
            "p(95)": 0,
            "avg": 0.002120531400966183,
            "min": 0,
            "med": 0
        },
        "iterations": {
            "count": 2957,
            "rate": 48.763595732033984
        },
        "http_req_tls_handshaking": {
            "min": 0,
            "med": 0,
            "max": 0,
            "p(90)": 0,
            "p(95)": 0,
            "avg": 0
        },
        "checks": {
            "passes": 23657,
            "fails": 0,
            "value": 1
        },
        "vus": {
            "value": 3,
            "min": 1,
            "max": 49
        },
        "http_req_duration": {
            "avg": 0.8455729178743948,
            "min": 0,
            "med": 0.79495,
            "max": 200.219,
            "p(90)": 1.6275,
            "p(95)": 1.871,
            "thresholds": {
                "p(95)<2000": false
            }
        },
        "data_sent": {
            "rate": 72625.36951018694,
            "count": 4403966
        },
        "http_req_sending": {
            "min": 0,
            "med": 0,
            "max": 1.2785,
            "p(90)": 0,
            "p(95)": 0,
            "avg": 0.0032381739130434785
        },
        "http_req_waiting": {
            "p(95)": 1.5584099999999999,
            "avg": 0.5611719999999979,
            "min": 0,
            "med": 0.5173,
            "max": 189.6419,
            "p(90)": 1.2289
        }
    },
    "setup_data": {
        "token": "eyJhbGciOiJIUzI1NiIsInR5cCI6IkpXVCJ9.eyJ1bmlxdWVfbmFtZSI6ImFkbWluQG1pY3Jvc29mdC5jb20iLCJyb2xlIjoiQWRtaW5pc3RyYXRvcnMiLCJuYmYiOjE3NzQ5NjIwNTgsImV4cCI6MTc3NTU2Njg1OCwiaWF0IjoxNzc0OTYyMDU4fQ.Z9FNzJXssd0jfNxDIN2-tpDlU3OpWWZ2jEV-Ci21FsQ"
    },
    "root_group": {
        "id": "d41d8cd98f00b204e9800998ecf8427e",
        "groups": {
            "setup": {
                "name": "setup",
                "path": "::setup",
                "id": "5c0f8025f7e0b6654089e5b00e950f1a",
                "groups": {},
                "checks": {
                        "auth 200": {
                            "name": "auth 200",
                            "path": "::setup::auth 200",
                            "id": "739fb15207d8222a116cd477eb8d845b",
                            "passes": 1,
                            "fails": 0
                        }
                    }
            }
        },
        "checks": {
            "catalog list 200": {
                "name": "catalog list 200",
                "path": "::catalog list 200",
                "id": "aad072edee74164fc9b8c1524052d20b",
                "passes": 2957,
                "fails": 0
            },
            "catalog has items": {
                "name": "catalog has items",
                "path": "::catalog has items",
                "id": "04890e4ce7c22daebc8706c25f9ddc9f",
                "passes": 2957,
                "fails": 0
            },
            "item detail 200": {
                "id": "7f5666810b13a32df7652f9277560526",
                "passes": 2957,
                "fails": 0,
                "name": "item detail 200",
                "path": "::item detail 200"
            },
            "brands 200": {
                "name": "brands 200",
                "path": "::brands 200",
                "id": "5f8500be7d630320b5268a356b6b08f6",
                "passes": 2957,
                "fails": 0
            },
            "types 200": {
                "name": "types 200",
                "path": "::types 200",
                "id": "593eae1d2a83c4fa30bdf56b6ece6f95",
                "passes": 2957,
                "fails": 0
            },
            "health 200": {
                "name": "health 200",
                "path": "::health 200",
                "id": "8e4f90a842a57472549a6b2cf699032d",
                "passes": 2957,
                "fails": 0
            },
            "update 200": {
                "name": "update 200",
                "path": "::update 200",
                "id": "7ea104c1961d25326c0409f06885ea15",
                "passes": 2957,
                "fails": 0
            },
            "create 201": {
                "passes": 2957,
                "fails": 0,
                "name": "create 201",
                "path": "::create 201",
                "id": "156654209db568811cc0f7da2d599478"
            }
        },
        "name": "",
        "path": ""
    }
}