{
    "metrics": {
        "http_req_blocked": {
            "avg": 0.007184597075824548,
            "min": 0,
            "med": 0,
            "max": 3.1546,
            "p(90)": 0,
            "p(95)": 0
        },
        "http_req_sending": {
            "avg": 0.0067234274056443355,
            "min": 0,
            "med": 0,
            "max": 0.8635,
            "p(90)": 0,
            "p(95)": 0
        },
        "vus_max": {
            "max": 50,
            "value": 50,
            "min": 50
        },
        "http_req_connecting": {
            "p(90)": 0,
            "p(95)": 0,
            "avg": 0.005110200612036723,
            "min": 0,
            "med": 0,
            "max": 1.034
        },
        "http_req_tls_handshaking": {
            "med": 0,
            "max": 0,
            "p(90)": 0,
            "p(95)": 0,
            "avg": 0,
            "min": 0
        },
        "checks": {
            "passes": 3361,
            "fails": 0,
            "value": 1
        },
        "http_req_receiving": {
            "p(90)": 0.8869,
            "p(95)": 1.1163,
            "avg": 0.26706426385583126,
            "min": 0,
            "med": 0,
            "max": 10.136
        },
        "http_reqs": {
            "count": 2941,
            "rate": 44.14857954204542
        },
        "vus": {
            "min": 1,
            "max": 50,
            "value": 50
        },
        "http_req_duration": {
            "med": 1.0419,
            "max": 34596.6706,
            "p(90)": 2.0446,
            "p(95)": 3.2567,
            "avg": 625.691843216593,
            "min": 0,
            "thresholds": {
                "p(95)<2000": false
            }
        },
        "http_req_waiting": {
            "p(95)": 2.9916,
            "avg": 625.4180555253321,
            "min": 0,
            "med": 0.5216,
            "max": 34596.4921,
            "p(90)": 1.7863
        },
        "data_sent": {
            "count": 625214,
            "rate": 9385.348524243585
        },
        "data_received": {
            "count": 1598484,
            "rate": 23995.51105769702
        },
        "http_req_duration{expected_response:true}": {
            "p(90)": 2.0446,
            "p(95)": 3.2567,
            "avg": 625.691843216593,
            "min": 0,
            "med": 1.0419,
            "max": 34596.6706
        },
        "iterations": {
            "count": 420,
            "rate": 6.304795446330866
        },
        "iteration_duration": {
            "p(90)": 16470.80099,
            "p(95)": 26467.265534999955,
            "avg": 4881.583141428571,
            "min": 504.609,
            "med": 507.19325,
            "max": 35101.9457
        },
        "http_req_failed": {
            "passes": 0,
            "fails": 2941,
            "thresholds": {
                "rate<0.05": false
            },
            "value": 0
        }
    },
    "setup_data": {
        "token": "eyJhbGciOiJIUzI1NiIsInR5cCI6IkpXVCJ9.eyJ1bmlxdWVfbmFtZSI6ImFkbWluQG1pY3Jvc29mdC5jb20iLCJyb2xlIjoiQWRtaW5pc3RyYXRvcnMiLCJuYmYiOjE3NzQ5NjIyMDgsImV4cCI6MTc3NTU2NzAwOCwiaWF0IjoxNzc0OTYyMjA4fQ.wdyPMsKfYUUHYB9N33Hbt0-HPl4NilwYRVAK4_kdW1w"
    },
    "root_group": {
        "groups": {
            "setup": {
                "name": "setup",
                "path": "::setup",
                "id": "5c0f8025f7e0b6654089e5b00e950f1a",
                "groups": {},
                "checks": {
                        "auth 200": {
                            "name": "auth 200",
                            "path": "::setup::auth 200",
                            "id": "739fb15207d8222a116cd477eb8d845b",
                            "passes": 1,
                            "fails": 0
                        }
                    }
            }
        },
        "checks": {
            "catalog list 200": {
                "name": "catalog list 200",
                "path": "::catalog list 200",
                "id": "aad072edee74164fc9b8c1524052d20b",
                "passes": 420,
                "fails": 0
            },
            "catalog has items": {
                "fails": 0,
                "name": "catalog has items",
                "path": "::catalog has items",
                "id": "04890e4ce7c22daebc8706c25f9ddc9f",
                "passes": 420
            },
            "item detail 200": {
                "name": "item detail 200",
                "path": "::item detail 200",
                "id": "7f5666810b13a32df7652f9277560526",
                "passes": 420,
                "fails": 0
            },
            "brands 200": {
                "id": "5f8500be7d630320b5268a356b6b08f6",
                "passes": 420,
                "fails": 0,
                "name": "brands 200",
                "path": "::brands 200"
            },
            "types 200": {
                "name": "types 200",
                "path": "::types 200",
                "id": "593eae1d2a83c4fa30bdf56b6ece6f95",
                "passes": 420,
                "fails": 0
            },
            "health 200": {
                "name": "health 200",
                "path": "::health 200",
                "id": "8e4f90a842a57472549a6b2cf699032d",
                "passes": 420,
                "fails": 0
            },
            "update 200": {
                "id": "7ea104c1961d25326c0409f06885ea15",
                "passes": 420,
                "fails": 0,
                "name": "update 200",
                "path": "::update 200"
            },
            "create 201": {
                "path": "::create 201",
                "id": "156654209db568811cc0f7da2d599478",
                "passes": 420,
                "fails": 0,
                "name": "create 201"
            }
        },
        "name": "",
        "path": "",
        "id": "d41d8cd98f00b204e9800998ecf8427e"
    }
}