{
    "root_group": {
        "path": "",
        "id": "d41d8cd98f00b204e9800998ecf8427e",
        "groups": {},
        "checks": {
                "catalog 200": {
                    "name": "catalog 200",
                    "path": "::catalog 200",
                    "id": "eebf69297bd2d45f982329d2c19ee960",
                    "passes": 100,
                    "fails": 0
                },
                "item 200": {
                    "name": "item 200",
                    "path": "::item 200",
                    "id": "ffdcb4ce8d92f84861166ea04707398a",
                    "passes": 100,
                    "fails": 0
                },
                "brands 200": {
                    "name": "brands 200",
                    "path": "::brands 200",
                    "id": "5f8500be7d630320b5268a356b6b08f6",
                    "passes": 100,
                    "fails": 0
                },
                "types 200": {
                    "name": "types 200",
                    "path": "::types 200",
                    "id": "593eae1d2a83c4fa30bdf56b6ece6f95",
                    "passes": 100,
                    "fails": 0
                },
                "auth 200": {
                    "name": "auth 200",
                    "path": "::auth 200",
                    "id": "88c2b5273b2807f5ce094aef111972e8",
                    "passes": 100,
                    "fails": 0
                }
            },
        "name": ""
    },
    "metrics": {
        "http_req_blocked": {
            "min": 0,
            "med": 0,
            "max": 6.1256,
            "p(90)": 0,
            "p(95)": 0,
            "avg": 0.062317800000000007
        },
        "iteration_duration": {
            "avg": 507.541063,
            "min": 504.7938,
            "med": 507.10055,
            "max": 516.2134,
            "p(90)": 509.28395,
            "p(95)": 510.43022499999995
        },
        "iterations": {
            "count": 100,
            "rate": 9.850729919385566
        },
        "vus": {
            "min": 5,
            "max": 5,
            "value": 5
        },
        "http_req_sending": {
            "avg": 0.010192999999999999,
            "min": 0,
            "med": 0,
            "max": 0.5351,
            "p(90)": 0,
            "p(95)": 0
        },
        "http_req_duration": {
            "avg": 1.3506948000000027,
            "min": 0,
            "med": 0.6191,
            "max": 8.0828,
            "p(90)": 4.24619,
            "p(95)": 4.8588
        },
        "data_sent": {
            "count": 57700,
            "rate": 5683.871163485473
        },
        "http_req_connecting": {
            "min": 0,
            "med": 0,
            "max": 0,
            "p(90)": 0,
            "p(95)": 0,
            "avg": 0
        },
        "http_req_waiting": {
            "avg": 1.1788880000000008,
            "min": 0,
            "med": 0.5344,
            "max": 7.5499,
            "p(90)": 4.005630000000002,
            "p(95)": 4.81286
        },
        "http_req_duration{expected_response:true}": {
            "avg": 1.3506948000000027,
            "min": 0,
            "med": 0.6191,
            "max": 8.0828,
            "p(90)": 4.24619,
            "p(95)": 4.8588
        },
        "http_req_failed": {
            "passes": 0,
            "fails": 500,
            "value": 0
        },
        "http_req_receiving": {
            "avg": 0.16161379999999995,
            "min": 0,
            "med": 0,
            "max": 3.5974,
            "p(90)": 0.4278500000000005,
            "p(95)": 0.5518
        },
        "http_reqs": {
            "count": 500,
            "rate": 49.253649596927836
        },
        "vus_max": {
            "min": 5,
            "max": 5,
            "value": 5
        },
        "data_received": {
            "count": 310400,
            "rate": 30576.6656697728
        },
        "http_req_tls_handshaking": {
            "p(90)": 0,
            "p(95)": 0,
            "avg": 0,
            "min": 0,
            "med": 0,
            "max": 0
        },
        "checks": {
            "passes": 500,
            "fails": 0,
            "value": 1
        }
    }
}