{
    "metrics": {
        "iterations": {
            "count": 4750,
            "rate": 78.99030146601991
        },
        "http_req_duration{expected_response:true}": {
            "p(95)": 6.14135,
            "avg": 1.9726376951069204,
            "min": 0,
            "med": 0.9581,
            "max": 79.6656,
            "p(90)": 5.019
        },
        "http_req_sending": {
            "avg": 0.004147246699347381,
            "min": 0,
            "med": 0,
            "max": 1.5072,
            "p(90)": 0,
            "p(95)": 0
        },
        "checks": {
            "passes": 33251,
            "fails": 0,
            "value": 1
        },
        "http_req_connecting": {
            "p(95)": 0,
            "avg": 0.0003419506180265255,
            "min": 0,
            "med": 0,
            "max": 0.558,
            "p(90)": 0
        },
        "http_req_receiving": {
            "p(90)": 0.7119,
            "p(95)": 2.5713999999999997,
            "avg": 0.3445761420709145,
            "min": 0,
            "med": 0,
            "max": 15.5873
        },
        "http_req_blocked": {
            "p(90)": 0,
            "p(95)": 0,
            "avg": 0.0021203813419145272,
            "min": 0,
            "med": 0,
            "max": 15.6264
        },
        "http_reqs": {
            "count": 33251,
            "rate": 552.9487397992901
        },
        "data_received": {
            "count": 17983675,
            "rate": 299060.1915193528
        },
        "vus": {
            "value": 2,
            "min": 1,
            "max": 49
        },
        "vus_max": {
            "value": 50,
            "min": 50,
            "max": 50
        },
        "iteration_duration": {
            "p(90)": 318.98344,
            "p(95)": 321.78634,
            "avg": 314.3990759157885,
            "min": 300.2534,
            "med": 313.14745,
            "max": 390.6721
        },
        "http_req_waiting": {
            "med": 0.5514,
            "max": 79.6656,
            "p(90)": 4.5029,
            "p(95)": 5.9176,
            "avg": 1.6239143063366563,
            "min": 0
        },
        "http_req_tls_handshaking": {
            "avg": 0,
            "min": 0,
            "med": 0,
            "max": 0,
            "p(90)": 0,
            "p(95)": 0
        },
        "data_sent": {
            "count": 9899718,
            "rate": 164627.72826285975
        },
        "http_req_duration": {
            "min": 0,
            "med": 0.9581,
            "max": 79.6656,
            "p(90)": 5.019,
            "p(95)": 6.14135,
            "avg": 1.9726376951069204,
            "thresholds": {
                "p(95)<2000": false
            }
        },
        "http_req_failed": {
            "passes": 0,
            "fails": 33251,
            "thresholds": {
                "rate<0.10": false
            },
            "value": 0
        }
    },
    "setup_data": {
        "token": "eyJhbGciOiJIUzI1NiIsInR5cCI6IkpXVCJ9.eyJ1bmlxdWVfbmFtZSI6ImFkbWluQG1pY3Jvc29mdC5jb20iLCJyb2xlIjoiQWRtaW5pc3RyYXRvcnMiLCJuYmYiOjE3NzQ5NjQ3NzMsImV4cCI6MTc3NTU2OTU3MywiaWF0IjoxNzc0OTY0NzczfQ.09lH7TNtbLe-P6rQQxU6pM4QBumyIp1OvsQAeaah0XQ"
    },
    "root_group": {
        "name": "",
        "path": "",
        "id": "d41d8cd98f00b204e9800998ecf8427e",
        "groups": {
            "setup": {
                "name": "setup",
                "path": "::setup",
                "id": "5c0f8025f7e0b6654089e5b00e950f1a",
                "groups": {},
                "checks": {
                        "auth 200": {
                            "path": "::setup::auth 200",
                            "id": "739fb15207d8222a116cd477eb8d845b",
                            "passes": 1,
                            "fails": 0,
                            "name": "auth 200"
                        }
                    }
            }
        },
        "checks": {
            "create 201": {
                "id": "156654209db568811cc0f7da2d599478",
                "passes": 4750,
                "fails": 0,
                "name": "create 201",
                "path": "::create 201"
            },
            "get created 200": {
                "path": "::get created 200",
                "id": "d335417f25685b45b2df21e629834dbe",
                "passes": 4750,
                "fails": 0,
                "name": "get created 200"
            },
            "update 200": {
                "name": "update 200",
                "path": "::update 200",
                "id": "7ea104c1961d25326c0409f06885ea15",
                "passes": 4750,
                "fails": 0
            },
            "delete 200": {
                "id": "af4feca1c2c2f59fc45437b5fd44da76",
                "passes": 4750,
                "fails": 0,
                "name": "delete 200",
                "path": "::delete 200"
            },
            "list 200": {
                "id": "bb957fc3b3b94304050fa1ff782f2f89",
                "passes": 4750,
                "fails": 0,
                "name": "list 200",
                "path": "::list 200"
            },
            "brands 200": {
                "name": "brands 200",
                "path": "::brands 200",
                "id": "5f8500be7d630320b5268a356b6b08f6",
                "passes": 4750,
                "fails": 0
            },
            "types 200": {
                "passes": 4750,
                "fails": 0,
                "name": "types 200",
                "path": "::types 200",
                "id": "593eae1d2a83c4fa30bdf56b6ece6f95"
            }
        }
    }
}