{
    "metrics": {
        "http_req_blocked": {
            "avg": 0.0730444,
            "min": 0,
            "med": 0,
            "max": 7.2822,
            "p(90)": 0,
            "p(95)": 0
        },
        "http_req_waiting": {
            "avg": 1.2124574000000015,
            "min": 0,
            "med": 0.53485,
            "max": 8.7094,
            "p(90)": 3.938590000000003,
            "p(95)": 5.544359999999983
        },
        "data_received": {
            "rate": 30494.442272423825,
            "count": 310300
        },
        "http_reqs": {
            "count": 500,
            "rate": 49.1370323435769
        },
        "http_req_connecting": {
            "p(90)": 0,
            "p(95)": 0,
            "avg": 0.005384000000000001,
            "min": 0,
            "med": 0,
            "max": 0.5384
        },
        "vus": {
            "value": 5,
            "min": 5,
            "max": 5
        },
        "http_req_sending": {
            "min": 0,
            "med": 0,
            "max": 0.5169,
            "p(90)": 0,
            "p(95)": 0,
            "avg": 0.0055931999999999996
        },
        "http_req_failed": {
            "passes": 0,
            "fails": 500,
            "value": 0
        },
        "iteration_duration": {
            "max": 522.8305,
            "p(90)": 510.30952,
            "p(95)": 516.2409,
            "avg": 508.15164599999974,
            "min": 500.2956,
            "med": 507.30025
        },
        "data_sent": {
            "count": 57700,
            "rate": 5670.413532448774
        },
        "http_req_tls_handshaking": {
            "avg": 0,
            "min": 0,
            "med": 0,
            "max": 0,
            "p(90)": 0,
            "p(95)": 0
        },
        "iterations": {
            "count": 100,
            "rate": 9.82740646871538
        },
        "http_req_duration": {
            "p(90)": 4.3683700000000005,
            "p(95)": 5.544359999999983,
            "avg": 1.3833640000000018,
            "min": 0,
            "med": 0.6012,
            "max": 8.951
        },
        "vus_max": {
            "value": 5,
            "min": 5,
            "max": 5
        },
        "http_req_duration{expected_response:true}": {
            "med": 0.6012,
            "max": 8.951,
            "p(90)": 4.3683700000000005,
            "p(95)": 5.544359999999983,
            "avg": 1.3833640000000018,
            "min": 0
        },
        "http_req_receiving": {
            "p(95)": 0.5342,
            "avg": 0.16531339999999997,
            "min": 0,
            "med": 0,
            "max": 4.8242,
            "p(90)": 0.50823
        },
        "checks": {
            "passes": 500,
            "fails": 0,
            "value": 1
        }
    },
    "root_group": {
        "id": "d41d8cd98f00b204e9800998ecf8427e",
        "groups": {},
        "checks": {
                "catalog 200": {
                    "name": "catalog 200",
                    "path": "::catalog 200",
                    "id": "eebf69297bd2d45f982329d2c19ee960",
                    "passes": 100,
                    "fails": 0
                },
                "item 200": {
                    "name": "item 200",
                    "path": "::item 200",
                    "id": "ffdcb4ce8d92f84861166ea04707398a",
                    "passes": 100,
                    "fails": 0
                },
                "brands 200": {
                    "name": "brands 200",
                    "path": "::brands 200",
                    "id": "5f8500be7d630320b5268a356b6b08f6",
                    "passes": 100,
                    "fails": 0
                },
                "types 200": {
                    "name": "types 200",
                    "path": "::types 200",
                    "id": "593eae1d2a83c4fa30bdf56b6ece6f95",
                    "passes": 100,
                    "fails": 0
                },
                "auth 200": {
                    "name": "auth 200",
                    "path": "::auth 200",
                    "id": "88c2b5273b2807f5ce094aef111972e8",
                    "passes": 100,
                    "fails": 0
                }
            },
        "name": "",
        "path": ""
    }
}