{
    "metrics": {
        "http_req_waiting": {
            "max": 55.0479,
            "p(90)": 4.9,
            "p(95)": 6.61726,
            "avg": 1.7746004808128513,
            "min": 0,
            "med": 0.5666
        },
        "vus": {
            "value": 2,
            "min": 1,
            "max": 49
        },
        "data_sent": {
            "rate": 163814.55990880332,
            "count": 9845929
        },
        "iterations": {
            "count": 4724,
            "rate": 78.59694915626417
        },
        "iteration_duration": {
            "min": 310.4413,
            "med": 314.35155,
            "max": 349.3944,
            "p(90)": 321.77277,
            "p(95)": 324.445995,
            "avg": 315.93385463590175
        },
        "http_req_connecting": {
            "med": 0,
            "max": 1.6016,
            "p(90)": 0,
            "p(95)": 0,
            "avg": 0.00039482899392179985,
            "min": 0
        },
        "http_req_sending": {
            "max": 5.031,
            "p(90)": 0,
            "p(95)": 0,
            "avg": 0.004748459282107115,
            "min": 0,
            "med": 0
        },
        "data_received": {
            "count": 17862211,
            "rate": 297187.8259495052
        },
        "http_req_failed": {
            "passes": 0,
            "fails": 33069,
            "thresholds": {
                "rate<0.10": false
            },
            "value": 0
        },
        "http_req_receiving": {
            "p(95)": 2.784499999999999,
            "avg": 0.40510785630046064,
            "min": 0,
            "med": 0,
            "max": 11.9248,
            "p(90)": 0.7580200000000008
        },
        "http_reqs": {
            "rate": 550.1952818900296,
            "count": 33069
        },
        "http_req_blocked": {
            "avg": 0.0017485500015119904,
            "min": 0,
            "med": 0,
            "max": 3.1583,
            "p(90)": 0,
            "p(95)": 0
        },
        "checks": {
            "passes": 33069,
            "fails": 0,
            "value": 1
        },
        "vus_max": {
            "value": 50,
            "min": 50,
            "max": 50
        },
        "http_req_duration": {
            "avg": 2.184456796395419,
            "min": 0,
            "med": 0.9678,
            "max": 59.6611,
            "p(90)": 5.48376,
            "p(95)": 6.850719999999997,
            "thresholds": {
                "p(95)<2000": false
            }
        },
        "http_req_duration{expected_response:true}": {
            "avg": 2.184456796395419,
            "min": 0,
            "med": 0.9678,
            "max": 59.6611,
            "p(90)": 5.48376,
            "p(95)": 6.850719999999997
        },
        "http_req_tls_handshaking": {
            "max": 0,
            "p(90)": 0,
            "p(95)": 0,
            "avg": 0,
            "min": 0,
            "med": 0
        }
    },
    "setup_data": {
        "token": "eyJhbGciOiJIUzI1NiIsInR5cCI6IkpXVCJ9.eyJ1bmlxdWVfbmFtZSI6ImFkbWluQG1pY3Jvc29mdC5jb20iLCJyb2xlIjoiQWRtaW5pc3RyYXRvcnMiLCJuYmYiOjE3NzQ5NjAxMzgsImV4cCI6MTc3NTU2NDkzOCwiaWF0IjoxNzc0OTYwMTM4fQ.VKBaD6LP-ET6MRYUgtVrgsOa6cz2E5RW3W5vXJBDmos"
    },
    "root_group": {
        "name": "",
        "path": "",
        "id": "d41d8cd98f00b204e9800998ecf8427e",
        "groups": {
            "setup": {
                "path": "::setup",
                "id": "5c0f8025f7e0b6654089e5b00e950f1a",
                "groups": {},
                "checks": {
                        "auth 200": {
                            "name": "auth 200",
                            "path": "::setup::auth 200",
                            "id": "739fb15207d8222a116cd477eb8d845b",
                            "passes": 1,
                            "fails": 0
                        }
                    },
                "name": "setup"
            }
        },
        "checks": {
            "create 201": {
                "name": "create 201",
                "path": "::create 201",
                "id": "156654209db568811cc0f7da2d599478",
                "passes": 4724,
                "fails": 0
            },
            "get created 200": {
                "fails": 0,
                "name": "get created 200",
                "path": "::get created 200",
                "id": "d335417f25685b45b2df21e629834dbe",
                "passes": 4724
            },
            "update 200": {
                "name": "update 200",
                "path": "::update 200",
                "id": "7ea104c1961d25326c0409f06885ea15",
                "passes": 4724,
                "fails": 0
            },
            "delete 200": {
                "name": "delete 200",
                "path": "::delete 200",
                "id": "af4feca1c2c2f59fc45437b5fd44da76",
                "passes": 4724,
                "fails": 0
            },
            "list 200": {
                "path": "::list 200",
                "id": "bb957fc3b3b94304050fa1ff782f2f89",
                "passes": 4724,
                "fails": 0,
                "name": "list 200"
            },
            "brands 200": {
                "name": "brands 200",
                "path": "::brands 200",
                "id": "5f8500be7d630320b5268a356b6b08f6",
                "passes": 4724,
                "fails": 0
            },
            "types 200": {
                "fails": 0,
                "name": "types 200",
                "path": "::types 200",
                "id": "593eae1d2a83c4fa30bdf56b6ece6f95",
                "passes": 4724
            }
        }
    }
}