{
    "metrics": {
        "http_req_receiving": {
            "med": 0.0416,
            "max": 12.3637,
            "p(90)": 1.14,
            "p(95)": 1.4068,
            "avg": 0.3601125272383907,
            "min": 0
        },
        "data_received": {
            "count": 11263765,
            "rate": 186776.54127639078
        },
        "http_req_failed": {
            "passes": 0,
            "fails": 20651,
            "thresholds": {
                "rate<0.05": false
            },
            "value": 0
        },
        "data_sent": {
            "count": 4393622,
            "rate": 72855.34817495382
        },
        "http_req_duration": {
            "avg": 1.0337341581521629,
            "min": 0,
            "med": 0.826,
            "max": 197.6653,
            "p(90)": 2.0066,
            "p(95)": 2.2712,
            "thresholds": {
                "p(95)<2000": false
            }
        },
        "iteration_duration": {
            "avg": 507.7172814576261,
            "min": 500.1965,
            "med": 507.4271,
            "max": 652.5251,
            "p(90)": 508.96358,
            "p(95)": 509.557175
        },
        "http_req_waiting": {
            "p(95)": 1.9523000000000001,
            "avg": 0.6703821751973287,
            "min": 0,
            "med": 0.5208,
            "max": 189.3561,
            "p(90)": 1.5169
        },
        "vus_max": {
            "value": 50,
            "min": 50,
            "max": 50
        },
        "http_req_blocked": {
            "p(95)": 0,
            "avg": 0.0014912256065081596,
            "min": 0,
            "med": 0,
            "max": 3.214,
            "p(90)": 0
        },
        "http_reqs": {
            "count": 20651,
            "rate": 342.43633047198216
        },
        "vus": {
            "value": 3,
            "min": 1,
            "max": 49
        },
        "http_req_duration{expected_response:true}": {
            "med": 0.826,
            "max": 197.6653,
            "p(90)": 2.0066,
            "p(95)": 2.2712,
            "avg": 1.0337341581521629,
            "min": 0
        },
        "http_req_connecting": {
            "avg": 0.0004991574257905187,
            "min": 0,
            "med": 0,
            "max": 0.5388,
            "p(90)": 0,
            "p(95)": 0
        },
        "checks": {
            "fails": 0,
            "passes": 23601,
            "value": 1
        },
        "iterations": {
            "count": 2950,
            "rate": 48.9171069145488
        },
        "http_req_tls_handshaking": {
            "avg": 0,
            "min": 0,
            "med": 0,
            "max": 0,
            "p(90)": 0,
            "p(95)": 0
        },
        "http_req_sending": {
            "med": 0,
            "max": 2.04,
            "p(90)": 0,
            "p(95)": 0,
            "avg": 0.003239455716430197,
            "min": 0
        }
    },
    "setup_data": {
        "token": "eyJhbGciOiJIUzI1NiIsInR5cCI6IkpXVCJ9.eyJ1bmlxdWVfbmFtZSI6ImFkbWluQG1pY3Jvc29mdC5jb20iLCJyb2xlIjoiQWRtaW5pc3RyYXRvcnMiLCJuYmYiOjE3NzQ5NDQwMjcsImV4cCI6MTc3NTU0ODgyNywiaWF0IjoxNzc0OTQ0MDI3fQ.WJXpIvOwwweniTPtS3VzCYemxbRIeiZQK63e0Uyqoqw"
    },
    "root_group": {
        "path": "",
        "id": "d41d8cd98f00b204e9800998ecf8427e",
        "groups": {
            "setup": {
                "id": "5c0f8025f7e0b6654089e5b00e950f1a",
                "groups": {},
                "checks": {
                        "auth 200": {
                            "name": "auth 200",
                            "path": "::setup::auth 200",
                            "id": "739fb15207d8222a116cd477eb8d845b",
                            "passes": 1,
                            "fails": 0
                        }
                    },
                "name": "setup",
                "path": "::setup"
            }
        },
        "checks": {
            "catalog list 200": {
                "name": "catalog list 200",
                "path": "::catalog list 200",
                "id": "aad072edee74164fc9b8c1524052d20b",
                "passes": 2950,
                "fails": 0
            },
            "catalog has items": {
                "name": "catalog has items",
                "path": "::catalog has items",
                "id": "04890e4ce7c22daebc8706c25f9ddc9f",
                "passes": 2950,
                "fails": 0
            },
            "item detail 200": {
                "name": "item detail 200",
                "path": "::item detail 200",
                "id": "7f5666810b13a32df7652f9277560526",
                "passes": 2950,
                "fails": 0
            },
            "brands 200": {
                "name": "brands 200",
                "path": "::brands 200",
                "id": "5f8500be7d630320b5268a356b6b08f6",
                "passes": 2950,
                "fails": 0
            },
            "types 200": {
                "name": "types 200",
                "path": "::types 200",
                "id": "593eae1d2a83c4fa30bdf56b6ece6f95",
                "passes": 2950,
                "fails": 0
            },
            "health 200": {
                "path": "::health 200",
                "id": "8e4f90a842a57472549a6b2cf699032d",
                "passes": 2950,
                "fails": 0,
                "name": "health 200"
            },
            "update 200": {
                "name": "update 200",
                "path": "::update 200",
                "id": "7ea104c1961d25326c0409f06885ea15",
                "passes": 2950,
                "fails": 0
            },
            "create 201": {
                "name": "create 201",
                "path": "::create 201",
                "id": "156654209db568811cc0f7da2d599478",
                "passes": 2950,
                "fails": 0
            }
        },
        "name": ""
    }
}