{
    "metrics": {
        "data_sent": {
            "rate": 50569.169640513435,
            "count": 3045266
        },
        "http_req_tls_handshaking": {
            "p(90)": 0,
            "p(95)": 0,
            "avg": 0,
            "min": 0,
            "med": 0,
            "max": 0
        },
        "http_req_failed": {
            "passes": 5940,
            "fails": 14851,
            "thresholds": {
                "rate<0.05": true
            },
            "value": 0.28570054350440094
        },
        "http_reqs": {
            "rate": 345.25181248400463,
            "count": 20791
        },
        "http_req_duration": {
            "avg": 0.524139242941657,
            "min": 0,
            "med": 0.5302,
            "max": 67.4206,
            "p(90)": 1.2074,
            "p(95)": 1.5614,
            "thresholds": {
                "p(95)<2000": false
            }
        },
        "http_req_receiving": {
            "p(90)": 0.5154,
            "p(95)": 0.6809000000000001,
            "avg": 0.1286519118849501,
            "min": 0,
            "med": 0,
            "max": 10.954
        },
        "http_req_sending": {
            "p(90)": 0,
            "p(95)": 0,
            "avg": 0.006414881439084222,
            "min": 0,
            "med": 0,
            "max": 0.8818
        },
        "vus_max": {
            "value": 50,
            "min": 50,
            "max": 50
        },
        "checks": {
            "passes": 17821,
            "fails": 5940,
            "value": 0.7500105214427002
        },
        "http_req_duration{expected_response:true}": {
            "avg": 0.6581364150562234,
            "min": 0,
            "med": 0.5535,
            "max": 67.4206,
            "p(90)": 1.4022,
            "p(95)": 1.64505
        },
        "http_req_waiting": {
            "max": 56.4666,
            "p(90)": 0.7501,
            "p(95)": 1.1227,
            "avg": 0.3890724496176253,
            "min": 0,
            "med": 0.5087
        },
        "http_req_blocked": {
            "min": 0,
            "med": 0,
            "max": 2.6615,
            "p(90)": 0,
            "p(95)": 0,
            "avg": 0.0020500793612620847
        },
        "iteration_duration": {
            "avg": 504.3253928956218,
            "min": 502.5191,
            "med": 504.1751,
            "max": 616.6478,
            "p(90)": 504.93604,
            "p(95)": 505.304955
        },
        "iterations": {
            "count": 2970,
            "rate": 49.31931523627982
        },
        "vus": {
            "min": 1,
            "max": 49,
            "value": 2
        },
        "data_received": {
            "rate": 125538.87952713079,
            "count": 7559928
        },
        "http_req_connecting": {
            "avg": 0.0006303400509835985,
            "min": 0,
            "med": 0,
            "max": 0.5388,
            "p(90)": 0,
            "p(95)": 0
        }
    },
    "setup_data": {
        "token": ""
    },
    "root_group": {
        "groups": {
            "setup": {
                "groups": {},
                "checks": {
                        "auth 200": {
                            "path": "::setup::auth 200",
                            "id": "739fb15207d8222a116cd477eb8d845b",
                            "passes": 1,
                            "fails": 0,
                            "name": "auth 200"
                        }
                    },
                "name": "setup",
                "path": "::setup",
                "id": "5c0f8025f7e0b6654089e5b00e950f1a"
            }
        },
        "checks": {
            "catalog list 200": {
                "id": "aad072edee74164fc9b8c1524052d20b",
                "passes": 2970,
                "fails": 0,
                "name": "catalog list 200",
                "path": "::catalog list 200"
            },
            "catalog has items": {
                "name": "catalog has items",
                "path": "::catalog has items",
                "id": "04890e4ce7c22daebc8706c25f9ddc9f",
                "passes": 2970,
                "fails": 0
            },
            "item detail 200": {
                "name": "item detail 200",
                "path": "::item detail 200",
                "id": "7f5666810b13a32df7652f9277560526",
                "passes": 2970,
                "fails": 0
            },
            "brands 200": {
                "name": "brands 200",
                "path": "::brands 200",
                "id": "5f8500be7d630320b5268a356b6b08f6",
                "passes": 2970,
                "fails": 0
            },
            "types 200": {
                "id": "593eae1d2a83c4fa30bdf56b6ece6f95",
                "passes": 2970,
                "fails": 0,
                "name": "types 200",
                "path": "::types 200"
            },
            "health 200": {
                "fails": 0,
                "name": "health 200",
                "path": "::health 200",
                "id": "8e4f90a842a57472549a6b2cf699032d",
                "passes": 2970
            },
            "update 200": {
                "path": "::update 200",
                "id": "7ea104c1961d25326c0409f06885ea15",
                "passes": 0,
                "fails": 2970,
                "name": "update 200"
            },
            "create 201": {
                "name": "create 201",
                "path": "::create 201",
                "id": "156654209db568811cc0f7da2d599478",
                "passes": 0,
                "fails": 2970
            }
        },
        "name": "",
        "path": "",
        "id": "d41d8cd98f00b204e9800998ecf8427e"
    }
}