{
    "metrics": {
        "iteration_duration": {
            "min": 504.7325,
            "med": 507.9445,
            "max": 703.5794,
            "p(90)": 511.6891,
            "p(95)": 512.873,
            "avg": 508.90729795988
        },
        "http_req_failed": {
            "passes": 0,
            "fails": 20588,
            "thresholds": {
                "rate<0.05": false
            },
            "value": 0
        },
        "http_req_duration{expected_response:true}": {
            "p(95)": 2.6654,
            "avg": 1.178788172721972,
            "min": 0,
            "med": 0.9748,
            "max": 177.7519,
            "p(90)": 2.1616999999999993
        },
        "http_req_receiving": {
            "avg": 0.2669023411696124,
            "min": 0,
            "med": 0,
            "max": 15.1452,
            "p(90)": 0.9860899999999998,
            "p(95)": 1.2424649999999997
        },
        "checks": {
            "passes": 23529,
            "fails": 0,
            "value": 1
        },
        "vus": {
            "value": 2,
            "min": 1,
            "max": 49
        },
        "http_req_sending": {
            "med": 0,
            "max": 2.0093,
            "p(90)": 0,
            "p(95)": 0,
            "avg": 0.005630678064892169,
            "min": 0
        },
        "http_req_duration": {
            "avg": 1.178788172721972,
            "min": 0,
            "med": 0.9748,
            "max": 177.7519,
            "p(90)": 2.1616999999999993,
            "p(95)": 2.6654,
            "thresholds": {
                "p(95)<2000": false
            }
        },
        "http_req_connecting": {
            "min": 0,
            "med": 0,
            "max": 0.5361,
            "p(90)": 0,
            "p(95)": 0,
            "avg": 0.0006920487662716146
        },
        "http_req_tls_handshaking": {
            "max": 0,
            "p(90)": 0,
            "p(95)": 0,
            "avg": 0,
            "min": 0,
            "med": 0
        },
        "data_sent": {
            "count": 4380187,
            "rate": 72679.15550871479
        },
        "http_req_blocked": {
            "p(90)": 0,
            "p(95)": 0,
            "avg": 0.0020802797746259953,
            "min": 0,
            "med": 0,
            "max": 2.6763
        },
        "data_received": {
            "count": 11242982,
            "rate": 186551.4958972485
        },
        "http_req_waiting": {
            "p(90)": 1.9323,
            "p(95)": 2.5410549999999987,
            "avg": 0.9062551534874658,
            "min": 0,
            "med": 0.52675,
            "max": 177.7519
        },
        "iterations": {
            "count": 2941,
            "rate": 48.79914860966671
        },
        "vus_max": {
            "value": 50,
            "min": 50,
            "max": 50
        },
        "http_reqs": {
            "count": 20588,
            "rate": 341.6106329737566
        }
    },
    "setup_data": {
        "token": "eyJhbGciOiJIUzI1NiIsInR5cCI6IkpXVCJ9.eyJ1bmlxdWVfbmFtZSI6ImFkbWluQG1pY3Jvc29mdC5jb20iLCJyb2xlIjoiQWRtaW5pc3RyYXRvcnMiLCJuYmYiOjE3NzQ5NDM4OTIsImV4cCI6MTc3NTU0ODY5MiwiaWF0IjoxNzc0OTQzODkyfQ.Utby_r1KtVwix3ZBI5NUxmzbP7YD2iSu_eIODyZlxDo"
    },
    "root_group": {
        "name": "",
        "path": "",
        "id": "d41d8cd98f00b204e9800998ecf8427e",
        "groups": {
            "setup": {
                "name": "setup",
                "path": "::setup",
                "id": "5c0f8025f7e0b6654089e5b00e950f1a",
                "groups": {},
                "checks": {
                        "auth 200": {
                            "name": "auth 200",
                            "path": "::setup::auth 200",
                            "id": "739fb15207d8222a116cd477eb8d845b",
                            "passes": 1,
                            "fails": 0
                        }
                    }
            }
        },
        "checks": {
            "catalog list 200": {
                "fails": 0,
                "name": "catalog list 200",
                "path": "::catalog list 200",
                "id": "aad072edee74164fc9b8c1524052d20b",
                "passes": 2941
            },
            "catalog has items": {
                "name": "catalog has items",
                "path": "::catalog has items",
                "id": "04890e4ce7c22daebc8706c25f9ddc9f",
                "passes": 2941,
                "fails": 0
            },
            "item detail 200": {
                "name": "item detail 200",
                "path": "::item detail 200",
                "id": "7f5666810b13a32df7652f9277560526",
                "passes": 2941,
                "fails": 0
            },
            "brands 200": {
                "id": "5f8500be7d630320b5268a356b6b08f6",
                "passes": 2941,
                "fails": 0,
                "name": "brands 200",
                "path": "::brands 200"
            },
            "types 200": {
                "id": "593eae1d2a83c4fa30bdf56b6ece6f95",
                "passes": 2941,
                "fails": 0,
                "name": "types 200",
                "path": "::types 200"
            },
            "health 200": {
                "name": "health 200",
                "path": "::health 200",
                "id": "8e4f90a842a57472549a6b2cf699032d",
                "passes": 2941,
                "fails": 0
            },
            "update 200": {
                "fails": 0,
                "name": "update 200",
                "path": "::update 200",
                "id": "7ea104c1961d25326c0409f06885ea15",
                "passes": 2941
            },
            "create 201": {
                "name": "create 201",
                "path": "::create 201",
                "id": "156654209db568811cc0f7da2d599478",
                "passes": 2941,
                "fails": 0
            }
        }
    }
}