{
    "metrics": {
        "http_req_tls_handshaking": {
            "p(95)": 0,
            "avg": 0,
            "min": 0,
            "med": 0,
            "max": 0,
            "p(90)": 0
        },
        "checks": {
            "passes": 17827,
            "fails": 5942,
            "value": 0.7500105179014683
        },
        "data_sent": {
            "count": 3046296,
            "rate": 50663.438287843026
        },
        "data_received": {
            "count": 7563188,
            "rate": 125784.5949629829
        },
        "iterations": {
            "count": 2971,
            "rate": 49.411178412466036
        },
        "vus": {
            "value": 2,
            "min": 1,
            "max": 49
        },
        "http_req_receiving": {
            "avg": 0.10353685450524112,
            "min": 0,
            "med": 0,
            "max": 9.1521,
            "p(90)": 0.507,
            "p(95)": 0.5318
        },
        "iteration_duration": {
            "max": 520.7371,
            "p(90)": 504.6462,
            "p(95)": 504.95195,
            "avg": 503.9676121171322,
            "min": 500.1369,
            "med": 503.8765
        },
        "http_req_duration": {
            "med": 0.5288,
            "max": 9.6574,
            "p(90)": 1.0226799999999996,
            "p(95)": 1.295624999999997,
            "avg": 0.45682291085680954,
            "min": 0,
            "thresholds": {
                "p(95)<2000": false
            }
        },
        "http_req_blocked": {
            "med": 0,
            "max": 2.6108,
            "p(90)": 0,
            "p(95)": 0,
            "avg": 0.0025842773343590724,
            "min": 0
        },
        "http_req_sending": {
            "p(95)": 0,
            "avg": 0.006931930954899512,
            "min": 0,
            "med": 0,
            "max": 0.8697,
            "p(90)": 0
        },
        "http_req_duration{expected_response:true}": {
            "p(90)": 1.1228,
            "p(95)": 1.4832,
            "avg": 0.5699148357565981,
            "min": 0,
            "med": 0.539,
            "max": 9.6574
        },
        "http_req_waiting": {
            "max": 5.1409,
            "p(90)": 0.7059,
            "p(95)": 1.0251,
            "avg": 0.3463541253966735,
            "min": 0,
            "med": 0.5091
        },
        "vus_max": {
            "value": 50,
            "min": 50,
            "max": 50
        },
        "http_req_failed": {
            "passes": 5942,
            "fails": 14856,
            "thresholds": {
                "rate<0.05": true
            },
            "value": 0.28570054812962786
        },
        "http_reqs": {
            "rate": 345.89488004795305,
            "count": 20798
        },
        "http_req_connecting": {
            "max": 0.5957,
            "p(90)": 0,
            "p(95)": 0,
            "avg": 0.0004708000769304741,
            "min": 0,
            "med": 0
        }
    },
    "setup_data": {
        "token": ""
    },
    "root_group": {
        "groups": {
            "setup": {
                "name": "setup",
                "path": "::setup",
                "id": "5c0f8025f7e0b6654089e5b00e950f1a",
                "groups": {},
                "checks": {
                        "auth 200": {
                            "fails": 0,
                            "name": "auth 200",
                            "path": "::setup::auth 200",
                            "id": "739fb15207d8222a116cd477eb8d845b",
                            "passes": 1
                        }
                    }
            }
        },
        "checks": {
            "catalog list 200": {
                "path": "::catalog list 200",
                "id": "aad072edee74164fc9b8c1524052d20b",
                "passes": 2971,
                "fails": 0,
                "name": "catalog list 200"
            },
            "catalog has items": {
                "id": "04890e4ce7c22daebc8706c25f9ddc9f",
                "passes": 2971,
                "fails": 0,
                "name": "catalog has items",
                "path": "::catalog has items"
            },
            "item detail 200": {
                "name": "item detail 200",
                "path": "::item detail 200",
                "id": "7f5666810b13a32df7652f9277560526",
                "passes": 2971,
                "fails": 0
            },
            "brands 200": {
                "path": "::brands 200",
                "id": "5f8500be7d630320b5268a356b6b08f6",
                "passes": 2971,
                "fails": 0,
                "name": "brands 200"
            },
            "types 200": {
                "name": "types 200",
                "path": "::types 200",
                "id": "593eae1d2a83c4fa30bdf56b6ece6f95",
                "passes": 2971,
                "fails": 0
            },
            "health 200": {
                "name": "health 200",
                "path": "::health 200",
                "id": "8e4f90a842a57472549a6b2cf699032d",
                "passes": 2971,
                "fails": 0
            },
            "update 200": {
                "id": "7ea104c1961d25326c0409f06885ea15",
                "passes": 0,
                "fails": 2971,
                "name": "update 200",
                "path": "::update 200"
            },
            "create 201": {
                "passes": 0,
                "fails": 2971,
                "name": "create 201",
                "path": "::create 201",
                "id": "156654209db568811cc0f7da2d599478"
            }
        },
        "name": "",
        "path": "",
        "id": "d41d8cd98f00b204e9800998ecf8427e"
    }
}