{
    "root_group": {
        "name": "",
        "path": "",
        "id": "d41d8cd98f00b204e9800998ecf8427e",
        "groups": {},
        "checks": {
                "catalog 200": {
                    "passes": 100,
                    "fails": 0,
                    "name": "catalog 200",
                    "path": "::catalog 200",
                    "id": "eebf69297bd2d45f982329d2c19ee960"
                },
                "item 200": {
                    "id": "ffdcb4ce8d92f84861166ea04707398a",
                    "passes": 100,
                    "fails": 0,
                    "name": "item 200",
                    "path": "::item 200"
                },
                "brands 200": {
                    "passes": 100,
                    "fails": 0,
                    "name": "brands 200",
                    "path": "::brands 200",
                    "id": "5f8500be7d630320b5268a356b6b08f6"
                },
                "types 200": {
                    "name": "types 200",
                    "path": "::types 200",
                    "id": "593eae1d2a83c4fa30bdf56b6ece6f95",
                    "passes": 100,
                    "fails": 0
                },
                "auth 200": {
                    "fails": 0,
                    "name": "auth 200",
                    "path": "::auth 200",
                    "id": "88c2b5273b2807f5ce094aef111972e8",
                    "passes": 100
                }
            }
    },
    "metrics": {
        "http_req_sending": {
            "max": 0.5343,
            "p(90)": 0,
            "p(95)": 0,
            "avg": 0.004827,
            "min": 0,
            "med": 0
        },
        "http_req_connecting": {
            "max": 0.5343,
            "p(90)": 0,
            "p(95)": 0,
            "avg": 0.0041142,
            "min": 0,
            "med": 0
        },
        "data_sent": {
            "count": 57700,
            "rate": 5683.482169645777
        },
        "iterations": {
            "count": 100,
            "rate": 9.850055753285575
        },
        "http_reqs": {
            "count": 500,
            "rate": 49.250278766427876
        },
        "http_req_tls_handshaking": {
            "min": 0,
            "med": 0,
            "max": 0,
            "p(90)": 0,
            "p(95)": 0,
            "avg": 0
        },
        "http_req_waiting": {
            "avg": 1.1435117999999993,
            "min": 0,
            "med": 0.5396,
            "max": 7.5897,
            "p(90)": 4.0787,
            "p(95)": 4.81795
        },
        "http_req_failed": {
            "passes": 0,
            "fails": 500,
            "value": 0
        },
        "http_req_receiving": {
            "p(95)": 0.539635,
            "avg": 0.20322080000000012,
            "min": 0,
            "med": 0,
            "max": 3.8422,
            "p(90)": 0.51034
        },
        "http_req_duration": {
            "p(90)": 4.3778,
            "p(95)": 4.90503,
            "avg": 1.3515595999999972,
            "min": 0,
            "med": 0.5812999999999999,
            "max": 7.5897
        },
        "http_req_duration{expected_response:true}": {
            "min": 0,
            "med": 0.5812999999999999,
            "max": 7.5897,
            "p(90)": 4.3778,
            "p(95)": 4.90503,
            "avg": 1.3515595999999972
        },
        "checks": {
            "passes": 500,
            "fails": 0,
            "value": 1
        },
        "iteration_duration": {
            "p(95)": 510.89602,
            "avg": 507.60003000000006,
            "min": 505.0319,
            "med": 507.2644,
            "max": 516.2585,
            "p(90)": 508.597
        },
        "vus_max": {
            "max": 5,
            "value": 5,
            "min": 5
        },
        "data_received": {
            "count": 310300,
            "rate": 30564.723002445142
        },
        "http_req_blocked": {
            "p(95)": 0,
            "avg": 0.06002300000000001,
            "min": 0,
            "med": 0,
            "max": 5.9884,
            "p(90)": 0
        },
        "vus": {
            "value": 5,
            "min": 5,
            "max": 5
        }
    }
}