{
    "metrics": {
        "http_req_waiting": {
            "avg": 0.3383691116348438,
            "min": 0,
            "med": 0.5083,
            "max": 55.4831,
            "p(90)": 0.6714,
            "p(95)": 0.9327
        },
        "iterations": {
            "count": 2970,
            "rate": 49.33511931780832
        },
        "vus_max": {
            "max": 50,
            "value": 50,
            "min": 50
        },
        "data_sent": {
            "rate": 50586.66990025982,
            "count": 3045344
        },
        "vus": {
            "value": 2,
            "min": 1,
            "max": 49
        },
        "http_req_blocked": {
            "avg": 0.0027031167332018688,
            "min": 0,
            "med": 0,
            "max": 4.3814,
            "p(90)": 0,
            "p(95)": 0
        },
        "http_req_tls_handshaking": {
            "max": 0,
            "p(90)": 0,
            "p(95)": 0,
            "avg": 0,
            "min": 0,
            "med": 0
        },
        "http_req_sending": {
            "p(95)": 0,
            "avg": 0.007401620893655914,
            "min": 0,
            "med": 0,
            "max": 1.2775,
            "p(90)": 0
        },
        "http_req_duration": {
            "avg": 0.45487894281179425,
            "min": 0,
            "med": 0.5278,
            "max": 67.1707,
            "p(90)": 0.9934,
            "p(95)": 1.2741500000000001,
            "thresholds": {
                "p(95)<2000": false
            }
        },
        "checks": {
            "passes": 17821,
            "fails": 5940,
            "value": 0.7500105214427002
        },
        "http_reqs": {
            "count": 20791,
            "rate": 345.3624463759437
        },
        "http_req_failed": {
            "passes": 5940,
            "fails": 14851,
            "thresholds": {
                "rate<0.05": true
            },
            "value": 0.28570054350440094
        },
        "http_req_receiving": {
            "min": 0,
            "med": 0,
            "max": 12.505,
            "p(90)": 0.5074,
            "p(95)": 0.53215,
            "avg": 0.1091082102832957
        },
        "iteration_duration": {
            "med": 503.77125,
            "max": 595.8401,
            "p(90)": 504.65877,
            "p(95)": 504.95141,
            "avg": 503.89377885522026,
            "min": 500.2004
        },
        "http_req_duration{expected_response:true}": {
            "avg": 0.5691845262945235,
            "min": 0,
            "med": 0.5376,
            "max": 67.1707,
            "p(90)": 1.0978,
            "p(95)": 1.4662000000000002
        },
        "http_req_connecting": {
            "med": 0,
            "max": 1.0364,
            "p(90)": 0,
            "p(95)": 0,
            "avg": 0.0006176037708623924,
            "min": 0
        },
        "data_received": {
            "count": 7561348,
            "rate": 125602.69554999034
        }
    },
    "setup_data": {
        "token": ""
    },
    "root_group": {
        "checks": {
            "catalog list 200": {
                "name": "catalog list 200",
                "path": "::catalog list 200",
                "id": "aad072edee74164fc9b8c1524052d20b",
                "passes": 2970,
                "fails": 0
            },
            "catalog has items": {
                "id": "04890e4ce7c22daebc8706c25f9ddc9f",
                "passes": 2970,
                "fails": 0,
                "name": "catalog has items",
                "path": "::catalog has items"
            },
            "item detail 200": {
                "path": "::item detail 200",
                "id": "7f5666810b13a32df7652f9277560526",
                "passes": 2970,
                "fails": 0,
                "name": "item detail 200"
            },
            "brands 200": {
                "passes": 2970,
                "fails": 0,
                "name": "brands 200",
                "path": "::brands 200",
                "id": "5f8500be7d630320b5268a356b6b08f6"
            },
            "types 200": {
                "name": "types 200",
                "path": "::types 200",
                "id": "593eae1d2a83c4fa30bdf56b6ece6f95",
                "passes": 2970,
                "fails": 0
            },
            "health 200": {
                "name": "health 200",
                "path": "::health 200",
                "id": "8e4f90a842a57472549a6b2cf699032d",
                "passes": 2970,
                "fails": 0
            },
            "update 200": {
                "name": "update 200",
                "path": "::update 200",
                "id": "7ea104c1961d25326c0409f06885ea15",
                "passes": 0,
                "fails": 2970
            },
            "create 201": {
                "fails": 2970,
                "name": "create 201",
                "path": "::create 201",
                "id": "156654209db568811cc0f7da2d599478",
                "passes": 0
            }
        },
        "name": "",
        "path": "",
        "id": "d41d8cd98f00b204e9800998ecf8427e",
        "groups": {
            "setup": {
                "checks": {
                    "auth 200": {
                        "id": "739fb15207d8222a116cd477eb8d845b",
                        "passes": 1,
                        "fails": 0,
                        "name": "auth 200",
                        "path": "::setup::auth 200"
                    }
                },
                "name": "setup",
                "path": "::setup",
                "id": "5c0f8025f7e0b6654089e5b00e950f1a",
                "groups": {}
            }
        }
    }
}