{
    "metrics": {
        "http_req_duration{expected_response:true}": {
            "avg": 29.741978711192154,
            "min": 0,
            "med": 1.0155,
            "max": 119.5437,
            "p(90)": 90.30224000000008,
            "p(95)": 97.36902
        },
        "data_received": {
            "count": 7881709,
            "rate": 130711.51771622221
        },
        "data_sent": {
            "count": 5570875,
            "rate": 92388.2785138806
        },
        "http_reqs": {
            "count": 11499,
            "rate": 190.7012479423992
        },
        "http_req_failed": {
            "fails": 11499,
            "passes": 0,
            "thresholds": {
                "rate<0.50": false
            },
            "value": 0
        },
        "http_req_blocked": {
            "p(95)": 0,
            "avg": 0.0022229933037655448,
            "min": 0,
            "med": 0,
            "max": 5.0109,
            "p(90)": 0
        },
        "http_req_waiting": {
            "p(95)": 95.69665,
            "avg": 28.417961587964225,
            "min": 0,
            "med": 0.6348,
            "max": 119.5437,
            "p(90)": 88.03234
        },
        "http_req_sending": {
            "p(95)": 0,
            "avg": 0.004677824158622492,
            "min": 0,
            "med": 0,
            "max": 8.3511,
            "p(90)": 0
        },
        "http_req_receiving": {
            "max": 15.6415,
            "p(90)": 4.8684800000000035,
            "p(95)": 7.85987,
            "avg": 1.319339299069481,
            "min": 0,
            "med": 0.2331
        },
        "http_req_tls_handshaking": {
            "avg": 0,
            "min": 0,
            "med": 0,
            "max": 0,
            "p(90)": 0,
            "p(95)": 0
        },
        "http_req_connecting": {
            "avg": 0.000842934168188538,
            "min": 0,
            "med": 0,
            "max": 0.5888,
            "p(90)": 0,
            "p(95)": 0
        },
        "vus_max": {
            "max": 50,
            "value": 50,
            "min": 50
        },
        "checks": {
            "passes": 19312,
            "fails": 3686,
            "value": 0.8397251934950866
        },
        "iterations": {
            "count": 3833,
            "rate": 63.5670826474664
        },
        "iteration_duration": {
            "avg": 389.74403180276533,
            "min": 347.7737,
            "med": 385.4531,
            "max": 550.8966,
            "p(90)": 407.21090000000004,
            "p(95)": 475.72446
        },
        "vus": {
            "min": 1,
            "max": 49,
            "value": 2
        },
        "http_req_duration": {
            "avg": 29.741978711192154,
            "min": 0,
            "med": 1.0155,
            "max": 119.5437,
            "p(90)": 90.30224000000008,
            "p(95)": 97.36902,
            "thresholds": {
                "p(95)<2000": false
            }
        }
    },
    "root_group": {
        "checks": {
            "admin auth 200": {
                "path": "::admin auth 200",
                "id": "b4844a0cd7b9fc0adbb04e2204c48837",
                "passes": 3833,
                "fails": 0,
                "name": "admin auth 200"
            },
            "admin has token": {
                "name": "admin has token",
                "path": "::admin has token",
                "id": "6ba1a1345b17324d8049e08f82f3ead9",
                "passes": 147,
                "fails": 3686
            },
            "user auth 200": {
                "path": "::user auth 200",
                "id": "d4d7724d0e09710733087ce9f72d51b1",
                "passes": 3833,
                "fails": 0,
                "name": "user auth 200"
            },
            "user has token": {
                "path": "::user has token",
                "id": "3095e94eb089a0bb4114f933498ca6e0",
                "passes": 3833,
                "fails": 0,
                "name": "user has token"
            },
            "bad auth 200": {
                "name": "bad auth 200",
                "path": "::bad auth 200",
                "id": "db9612e1922cb6d39ff53d7d32f05c50",
                "passes": 3833,
                "fails": 0
            },
            "bad auth rejected": {
                "name": "bad auth rejected",
                "path": "::bad auth rejected",
                "id": "75d4a244a64ccfc2913bbd0324cbfe15",
                "passes": 3833,
                "fails": 0
            }
        },
        "name": "",
        "path": "",
        "id": "d41d8cd98f00b204e9800998ecf8427e",
        "groups": {}
    }
}