{
    "metrics": {
        "http_req_duration{expected_response:true}": {
            "max": 4.6006,
            "p(90)": 3.5838,
            "p(95)": 3.7252,
            "avg": 1.2497194000000007,
            "min": 0,
            "med": 0.7821
        },
        "http_req_tls_handshaking": {
            "max": 0,
            "p(90)": 0,
            "p(95)": 0,
            "avg": 0,
            "min": 0,
            "med": 0
        },
        "http_reqs": {
            "count": 500,
            "rate": 49.30195433538609
        },
        "data_sent": {
            "count": 57700,
            "rate": 5689.445530303555
        },
        "http_req_sending": {
            "avg": 0.016966200000000004,
            "min": 0,
            "med": 0,
            "max": 0.6472,
            "p(90)": 0,
            "p(95)": 0.029484999999998283
        },
        "http_req_waiting": {
            "p(95)": 3.66562,
            "avg": 0.9648228000000006,
            "min": 0,
            "med": 0.54435,
            "max": 4.6006,
            "p(90)": 3.4634
        },
        "vus": {
            "value": 5,
            "min": 5,
            "max": 5
        },
        "vus_max": {
            "value": 5,
            "min": 5,
            "max": 5
        },
        "data_received": {
            "count": 309600,
            "rate": 30527.770124471066
        },
        "checks": {
            "passes": 500,
            "fails": 0,
            "value": 1
        },
        "http_req_failed": {
            "fails": 500,
            "passes": 0,
            "value": 0
        },
        "http_req_blocked": {
            "p(95)": 0,
            "avg": 0.0708446,
            "min": 0,
            "med": 0,
            "max": 6.9741,
            "p(90)": 0
        },
        "iteration_duration": {
            "min": 500.365,
            "med": 506.89005,
            "max": 515.5067,
            "p(90)": 507.71015,
            "p(95)": 508.431385,
            "avg": 507.06992800000006
        },
        "http_req_duration": {
            "min": 0,
            "med": 0.7821,
            "max": 4.6006,
            "p(90)": 3.5838,
            "p(95)": 3.7252,
            "avg": 1.2497194000000007
        },
        "http_req_connecting": {
            "p(95)": 0,
            "avg": 0.005353,
            "min": 0,
            "med": 0,
            "max": 0.5353,
            "p(90)": 0
        },
        "iterations": {
            "count": 100,
            "rate": 9.860390867077218
        },
        "http_req_receiving": {
            "avg": 0.2679303999999998,
            "min": 0,
            "med": 0,
            "max": 3.5273,
            "p(90)": 0.4455,
            "p(95)": 2.7849
        }
    },
    "root_group": {
        "id": "d41d8cd98f00b204e9800998ecf8427e",
        "groups": {},
        "checks": {
                "catalog 200": {
                    "id": "eebf69297bd2d45f982329d2c19ee960",
                    "passes": 100,
                    "fails": 0,
                    "name": "catalog 200",
                    "path": "::catalog 200"
                },
                "item 200": {
                    "name": "item 200",
                    "path": "::item 200",
                    "id": "ffdcb4ce8d92f84861166ea04707398a",
                    "passes": 100,
                    "fails": 0
                },
                "brands 200": {
                    "name": "brands 200",
                    "path": "::brands 200",
                    "id": "5f8500be7d630320b5268a356b6b08f6",
                    "passes": 100,
                    "fails": 0
                },
                "types 200": {
                    "name": "types 200",
                    "path": "::types 200",
                    "id": "593eae1d2a83c4fa30bdf56b6ece6f95",
                    "passes": 100,
                    "fails": 0
                },
                "auth 200": {
                    "name": "auth 200",
                    "path": "::auth 200",
                    "id": "88c2b5273b2807f5ce094aef111972e8",
                    "passes": 100,
                    "fails": 0
                }
            },
        "name": "",
        "path": ""
    }
}