{
    "metrics": {
        "vus": {
            "max": 49,
            "value": 2,
            "min": 1
        },
        "iteration_duration": {
            "p(90)": 320.49926,
            "p(95)": 322.77684,
            "avg": 315.4222778247091,
            "min": 310.2675,
            "med": 314.1942,
            "max": 348.4584
        },
        "http_req_connecting": {
            "med": 0,
            "max": 0.5281,
            "p(90)": 0,
            "p(95)": 0,
            "avg": 0.00027868521088517464,
            "min": 0
        },
        "http_req_sending": {
            "avg": 0.00477111868702106,
            "min": 0,
            "med": 0,
            "max": 5.3758,
            "p(90)": 0,
            "p(95)": 0
        },
        "vus_max": {
            "value": 50,
            "min": 50,
            "max": 50
        },
        "http_req_duration": {
            "max": 60.0646,
            "p(90)": 5.168799999999999,
            "p(95)": 6.4415,
            "avg": 2.111708990526778,
            "min": 0,
            "med": 0.98115,
            "thresholds": {
                "p(95)<2000": false
            }
        },
        "http_req_duration{expected_response:true}": {
            "avg": 2.111708990526778,
            "min": 0,
            "med": 0.98115,
            "max": 60.0646,
            "p(90)": 5.168799999999999,
            "p(95)": 6.4415
        },
        "data_received": {
            "count": 17922400,
            "rate": 297759.10192144004
        },
        "http_req_waiting": {
            "max": 51.4376,
            "p(90)": 4.708,
            "p(95)": 6.2111,
            "avg": 1.7331915645930083,
            "min": 0,
            "med": 0.5725
        },
        "iterations": {
            "count": 4735,
            "rate": 78.6663252465082
        },
        "checks": {
            "passes": 33146,
            "fails": 0,
            "value": 1
        },
        "http_req_blocked": {
            "avg": 0.0014632836541362462,
            "min": 0,
            "med": 0,
            "max": 4.5103,
            "p(90)": 0,
            "p(95)": 0
        },
        "http_reqs": {
            "count": 33146,
            "rate": 550.6808905218079
        },
        "http_req_tls_handshaking": {
            "p(90)": 0,
            "p(95)": 0,
            "avg": 0,
            "min": 0,
            "med": 0,
            "max": 0
        },
        "http_req_receiving": {
            "min": 0,
            "med": 0,
            "max": 11.7419,
            "p(90)": 0.70495,
            "p(95)": 2.688075,
            "avg": 0.3737463072467288
        },
        "data_sent": {
            "count": 9868622,
            "rate": 163955.2751820161
        },
        "http_req_failed": {
            "passes": 0,
            "fails": 33146,
            "thresholds": {
                "rate<0.10": false
            },
            "value": 0
        }
    },
    "setup_data": {
        "token": "eyJhbGciOiJIUzI1NiIsInR5cCI6IkpXVCJ9.eyJ1bmlxdWVfbmFtZSI6ImFkbWluQG1pY3Jvc29mdC5jb20iLCJyb2xlIjoiQWRtaW5pc3RyYXRvcnMiLCJuYmYiOjE3NzQ5NDUwNDEsImV4cCI6MTc3NTU0OTg0MSwiaWF0IjoxNzc0OTQ1MDQxfQ.Jqp0CR3kEG5ClYjVnNskkX3kQcz4XSWMP_R9fW69JkM"
    },
    "root_group": {
        "name": "",
        "path": "",
        "id": "d41d8cd98f00b204e9800998ecf8427e",
        "groups": {
            "setup": {
                "id": "5c0f8025f7e0b6654089e5b00e950f1a",
                "groups": {},
                "checks": {
                        "auth 200": {
                            "name": "auth 200",
                            "path": "::setup::auth 200",
                            "id": "739fb15207d8222a116cd477eb8d845b",
                            "passes": 1,
                            "fails": 0
                        }
                    },
                "name": "setup",
                "path": "::setup"
            }
        },
        "checks": {
            "create 201": {
                "path": "::create 201",
                "id": "156654209db568811cc0f7da2d599478",
                "passes": 4735,
                "fails": 0,
                "name": "create 201"
            },
            "get created 200": {
                "id": "d335417f25685b45b2df21e629834dbe",
                "passes": 4735,
                "fails": 0,
                "name": "get created 200",
                "path": "::get created 200"
            },
            "update 200": {
                "path": "::update 200",
                "id": "7ea104c1961d25326c0409f06885ea15",
                "passes": 4735,
                "fails": 0,
                "name": "update 200"
            },
            "delete 200": {
                "path": "::delete 200",
                "id": "af4feca1c2c2f59fc45437b5fd44da76",
                "passes": 4735,
                "fails": 0,
                "name": "delete 200"
            },
            "list 200": {
                "path": "::list 200",
                "id": "bb957fc3b3b94304050fa1ff782f2f89",
                "passes": 4735,
                "fails": 0,
                "name": "list 200"
            },
            "brands 200": {
                "name": "brands 200",
                "path": "::brands 200",
                "id": "5f8500be7d630320b5268a356b6b08f6",
                "passes": 4735,
                "fails": 0
            },
            "types 200": {
                "name": "types 200",
                "path": "::types 200",
                "id": "593eae1d2a83c4fa30bdf56b6ece6f95",
                "passes": 4735,
                "fails": 0
            }
        }
    }
}