{
    "metrics": {
        "http_req_duration{expected_response:true}": {
            "min": 0,
            "med": 22.7566,
            "max": 908.3031,
            "p(90)": 221.3744,
            "p(95)": 310.7915,
            "avg": 74.79124716148927
        },
        "http_reqs": {
            "count": 77981,
            "rate": 648.0283138770299
        },
        "vus": {
            "value": 5,
            "min": 1,
            "max": 199
        },
        "http_req_connecting": {
            "p(95)": 0,
            "avg": 0.0051463612931355075,
            "min": 0,
            "med": 0,
            "max": 34.3703,
            "p(90)": 0
        },
        "http_req_tls_handshaking": {
            "max": 0,
            "p(90)": 0,
            "p(95)": 0,
            "avg": 0,
            "min": 0,
            "med": 0
        },
        "data_received": {
            "count": 57473610,
            "rate": 477610.2714856953
        },
        "iterations": {
            "count": 11140,
            "rate": 92.57428625678195
        },
        "http_req_sending": {
            "avg": 0.015041685795257801,
            "min": 0,
            "med": 0,
            "max": 63.065,
            "p(90)": 0,
            "p(95)": 0
        },
        "iteration_duration": {
            "avg": 833.2245184919217,
            "min": 357.8631,
            "med": 708.6491000000001,
            "max": 2198.1558,
            "p(90)": 1477.1226,
            "p(95)": 1608.3822
        },
        "http_req_waiting": {
            "p(90)": 221.2862,
            "p(95)": 310.7092,
            "avg": 74.59300071684245,
            "min": 0,
            "med": 22.7225,
            "max": 908.3031
        },
        "data_sent": {
            "count": 19344412,
            "rate": 160753.6026891497
        },
        "http_req_duration": {
            "avg": 74.79124716148927,
            "min": 0,
            "med": 22.7566,
            "max": 908.3031,
            "p(90)": 221.3744,
            "p(95)": 310.7915,
            "thresholds": {
                "p(95)<2000": false
            }
        },
        "checks": {
            "passes": 77981,
            "fails": 0,
            "value": 1
        },
        "http_req_receiving": {
            "avg": 0.18320475885151463,
            "min": 0,
            "med": 0,
            "max": 149.8605,
            "p(90)": 0.1895,
            "p(95)": 0.6786
        },
        "vus_max": {
            "value": 200,
            "min": 200,
            "max": 200
        },
        "http_req_failed": {
            "passes": 0,
            "fails": 77981,
            "thresholds": {
                "rate<0.10": false
            },
            "value": 0
        },
        "http_req_blocked": {
            "avg": 0.007338241366486709,
            "min": 0,
            "med": 0,
            "max": 34.3703,
            "p(90)": 0,
            "p(95)": 0
        }
    },
    "setup_data": {
        "token": "eyJhbGciOiJIUzI1NiIsInR5cCI6IkpXVCJ9.eyJ1bmlxdWVfbmFtZSI6ImFkbWluQG1pY3Jvc29mdC5jb20iLCJyb2xlIjoiQWRtaW5pc3RyYXRvcnMiLCJuYmYiOjE3NzQ5NjA3MTksImV4cCI6MTc3NTU2NTUxOSwiaWF0IjoxNzc0OTYwNzE5fQ.p6m_dR41365J2dUkL8og3nD-wzqoeqq2W-3FabiEK4M"
    },
    "root_group": {
        "name": "",
        "path": "",
        "id": "d41d8cd98f00b204e9800998ecf8427e",
        "groups": {
            "setup": {
                "name": "setup",
                "path": "::setup",
                "id": "5c0f8025f7e0b6654089e5b00e950f1a",
                "groups": {},
                "checks": {
                        "auth 200": {
                            "fails": 0,
                            "name": "auth 200",
                            "path": "::setup::auth 200",
                            "id": "739fb15207d8222a116cd477eb8d845b",
                            "passes": 1
                        }
                    }
            }
        },
        "checks": {
            "catalog 200": {
                "name": "catalog 200",
                "path": "::catalog 200",
                "id": "eebf69297bd2d45f982329d2c19ee960",
                "passes": 11140,
                "fails": 0
            },
            "item 200": {
                "name": "item 200",
                "path": "::item 200",
                "id": "ffdcb4ce8d92f84861166ea04707398a",
                "passes": 11140,
                "fails": 0
            },
            "brands 200": {
                "fails": 0,
                "name": "brands 200",
                "path": "::brands 200",
                "id": "5f8500be7d630320b5268a356b6b08f6",
                "passes": 11140
            },
            "types 200": {
                "id": "593eae1d2a83c4fa30bdf56b6ece6f95",
                "passes": 11140,
                "fails": 0,
                "name": "types 200",
                "path": "::types 200"
            },
            "update 200": {
                "fails": 0,
                "name": "update 200",
                "path": "::update 200",
                "id": "7ea104c1961d25326c0409f06885ea15",
                "passes": 11140
            },
            "create 201": {
                "name": "create 201",
                "path": "::create 201",
                "id": "156654209db568811cc0f7da2d599478",
                "passes": 11140,
                "fails": 0
            },
            "auth 200": {
                "name": "auth 200",
                "path": "::auth 200",
                "id": "88c2b5273b2807f5ce094aef111972e8",
                "passes": 11140,
                "fails": 0
            }
        }
    }
}