{
    "metrics": {
        "data_sent": {
            "count": 4402532,
            "rate": 72551.67412788812
        },
        "iterations": {
            "count": 2956,
            "rate": 48.71350139466046
        },
        "data_received": {
            "count": 11277497,
            "rate": 185847.8910141337
        },
        "iteration_duration": {
            "avg": 506.7611916441135,
            "min": 500.2337,
            "med": 506.49505,
            "max": 644.6049,
            "p(90)": 507.9775,
            "p(95)": 508.546425
        },
        "http_req_sending": {
            "avg": 0.004813299183298699,
            "min": 0,
            "med": 0,
            "max": 1.509,
            "p(90)": 0,
            "p(95)": 0
        },
        "http_req_receiving": {
            "avg": 0.2704831102305137,
            "min": 0,
            "med": 0,
            "max": 13.6455,
            "p(90)": 0.8395399999999998,
            "p(95)": 1.0450399999999986
        },
        "vus_max": {
            "value": 50,
            "min": 50,
            "max": 50
        },
        "http_req_connecting": {
            "avg": 0.0004953559174600107,
            "min": 0,
            "med": 0,
            "max": 0.5737,
            "p(90)": 0,
            "p(95)": 0
        },
        "vus": {
            "value": 3,
            "min": 1,
            "max": 49
        },
        "http_req_failed": {
            "passes": 0,
            "fails": 20693,
            "thresholds": {
                "rate<0.05": false
            },
            "value": 0
        },
        "http_req_duration{expected_response:true}": {
            "avg": 0.874881259363065,
            "min": 0,
            "med": 0.7265,
            "max": 185.6605,
            "p(90)": 1.6541,
            "p(95)": 1.9244599999999992
        },
        "http_req_blocked": {
            "avg": 0.0019843521963949177,
            "min": 0,
            "med": 0,
            "max": 3.1375,
            "p(90)": 0,
            "p(95)": 0
        },
        "http_reqs": {
            "count": 20693,
            "rate": 341.01098929624794
        },
        "http_req_tls_handshaking": {
            "min": 0,
            "med": 0,
            "max": 0,
            "p(90)": 0,
            "p(95)": 0,
            "avg": 0
        },
        "checks": {
            "passes": 23649,
            "fails": 0,
            "value": 1
        },
        "http_req_duration": {
            "avg": 0.874881259363065,
            "min": 0,
            "med": 0.7265,
            "max": 185.6605,
            "p(90)": 1.6541,
            "p(95)": 1.9244599999999992,
            "thresholds": {
                "p(95)<2000": false
            }
        },
        "http_req_waiting": {
            "min": 0,
            "med": 0.5177,
            "max": 172.1977,
            "p(90)": 1.2818199999999993,
            "p(95)": 1.6404,
            "avg": 0.5995848499492574
        }
    },
    "setup_data": {
        "token": "eyJhbGciOiJIUzI1NiIsInR5cCI6IkpXVCJ9.eyJ1bmlxdWVfbmFtZSI6ImFkbWluQG1pY3Jvc29mdC5jb20iLCJyb2xlIjoiQWRtaW5pc3RyYXRvcnMiLCJuYmYiOjE3NzQ5NjEzNDUsImV4cCI6MTc3NTU2NjE0NSwiaWF0IjoxNzc0OTYxMzQ1fQ.bzZ8Otoi5gyvB79hY5UzcujjduB3VehCo42sh7CwzMk"
    },
    "root_group": {
        "name": "",
        "path": "",
        "id": "d41d8cd98f00b204e9800998ecf8427e",
        "groups": {
            "setup": {
                "name": "setup",
                "path": "::setup",
                "id": "5c0f8025f7e0b6654089e5b00e950f1a",
                "groups": {},
                "checks": {
                        "auth 200": {
                            "path": "::setup::auth 200",
                            "id": "739fb15207d8222a116cd477eb8d845b",
                            "passes": 1,
                            "fails": 0,
                            "name": "auth 200"
                        }
                    }
            }
        },
        "checks": {
            "catalog list 200": {
                "passes": 2956,
                "fails": 0,
                "name": "catalog list 200",
                "path": "::catalog list 200",
                "id": "aad072edee74164fc9b8c1524052d20b"
            },
            "catalog has items": {
                "name": "catalog has items",
                "path": "::catalog has items",
                "id": "04890e4ce7c22daebc8706c25f9ddc9f",
                "passes": 2956,
                "fails": 0
            },
            "item detail 200": {
                "fails": 0,
                "name": "item detail 200",
                "path": "::item detail 200",
                "id": "7f5666810b13a32df7652f9277560526",
                "passes": 2956
            },
            "brands 200": {
                "id": "5f8500be7d630320b5268a356b6b08f6",
                "passes": 2956,
                "fails": 0,
                "name": "brands 200",
                "path": "::brands 200"
            },
            "types 200": {
                "name": "types 200",
                "path": "::types 200",
                "id": "593eae1d2a83c4fa30bdf56b6ece6f95",
                "passes": 2956,
                "fails": 0
            },
            "health 200": {
                "name": "health 200",
                "path": "::health 200",
                "id": "8e4f90a842a57472549a6b2cf699032d",
                "passes": 2956,
                "fails": 0
            },
            "update 200": {
                "id": "7ea104c1961d25326c0409f06885ea15",
                "passes": 2956,
                "fails": 0,
                "name": "update 200",
                "path": "::update 200"
            },
            "create 201": {
                "name": "create 201",
                "path": "::create 201",
                "id": "156654209db568811cc0f7da2d599478",
                "passes": 2956,
                "fails": 0
            }
        }
    }
}