{
    "metrics": {
        "http_req_sending": {
            "avg": 0.015699033858257962,
            "min": 0,
            "med": 0,
            "max": 149.4593,
            "p(90)": 0,
            "p(95)": 0
        },
        "http_req_connecting": {
            "med": 0,
            "max": 33.041,
            "p(90)": 0,
            "p(95)": 0,
            "avg": 0.007753649937528606,
            "min": 0
        },
        "data_sent": {
            "count": 20053224,
            "rate": 166941.52464850008
        },
        "http_req_tls_handshaking": {
            "max": 0,
            "p(90)": 0,
            "p(95)": 0,
            "avg": 0,
            "min": 0,
            "med": 0
        },
        "http_req_waiting": {
            "p(90)": 209.31166000000067,
            "p(95)": 317.5552,
            "avg": 69.90154180511382,
            "min": 0,
            "med": 18.1923,
            "max": 1111.999
        },
        "iterations": {
            "count": 11548,
            "rate": 96.13619868011642
        },
        "http_reqs": {
            "count": 80837,
            "rate": 672.9617156827651
        },
        "http_req_blocked": {
            "avg": 0.010884222571347274,
            "min": 0,
            "med": 0,
            "max": 114.1364,
            "p(90)": 0,
            "p(95)": 0
        },
        "vus": {
            "value": 5,
            "min": 1,
            "max": 199
        },
        "http_req_failed": {
            "passes": 11548,
            "fails": 69289,
            "thresholds": {
                "rate<0.10": true
            },
            "value": 0.14285537563244555
        },
        "http_req_receiving": {
            "min": 0,
            "med": 0,
            "max": 149.4593,
            "p(90)": 0.2513,
            "p(95)": 0.6461,
            "avg": 0.3615407313482678
        },
        "data_received": {
            "count": 43285081,
            "rate": 360344.92093011196
        },
        "http_req_duration": {
            "max": 1111.999,
            "p(90)": 210.1879,
            "p(95)": 318.59467999999976,
            "avg": 70.27878157032053,
            "min": 0,
            "med": 18.3019,
            "thresholds": {
                "p(95)<2000": false
            }
        },
        "checks": {
            "fails": 11548,
            "passes": 69289,
            "value": 0.8571446243675545
        },
        "iteration_duration": {
            "p(90)": 1447.9536,
            "p(95)": 1576.31839,
            "avg": 803.182420306549,
            "min": 349.826,
            "med": 683.8958,
            "max": 2455.7874
        },
        "vus_max": {
            "value": 200,
            "min": 200,
            "max": 200
        },
        "http_req_duration{expected_response:true}": {
            "min": 0,
            "med": 16.6446,
            "max": 1111.999,
            "p(90)": 219.86832,
            "p(95)": 335.0569,
            "avg": 72.30891911414398
        }
    },
    "setup_data": {
        "token": "eyJhbGciOiJIUzI1NiIsInR5cCI6IkpXVCJ9.eyJ1bmlxdWVfbmFtZSI6ImFkbWluQG1pY3Jvc29mdC5jb20iLCJyb2xlIjoiQWRtaW5pc3RyYXRvcnMiLCJuYmYiOjE3NzQ5NDk1MzUsImV4cCI6MTc3NTU1NDMzNSwiaWF0IjoxNzc0OTQ5NTM1fQ.0M6NyS-PLBbCWmXMMuSldbDD15-n38Al9NlXx0Z_qYw"
    },
    "root_group": {
        "checks": {
            "catalog 200": {
                "name": "catalog 200",
                "path": "::catalog 200",
                "id": "eebf69297bd2d45f982329d2c19ee960",
                "passes": 0,
                "fails": 11548
            },
            "item 200": {
                "id": "ffdcb4ce8d92f84861166ea04707398a",
                "passes": 11548,
                "fails": 0,
                "name": "item 200",
                "path": "::item 200"
            },
            "brands 200": {
                "name": "brands 200",
                "path": "::brands 200",
                "id": "5f8500be7d630320b5268a356b6b08f6",
                "passes": 11548,
                "fails": 0
            },
            "types 200": {
                "passes": 11548,
                "fails": 0,
                "name": "types 200",
                "path": "::types 200",
                "id": "593eae1d2a83c4fa30bdf56b6ece6f95"
            },
            "update 200": {
                "name": "update 200",
                "path": "::update 200",
                "id": "7ea104c1961d25326c0409f06885ea15",
                "passes": 11548,
                "fails": 0
            },
            "create 201": {
                "passes": 11548,
                "fails": 0,
                "name": "create 201",
                "path": "::create 201",
                "id": "156654209db568811cc0f7da2d599478"
            },
            "auth 200": {
                "passes": 11548,
                "fails": 0,
                "name": "auth 200",
                "path": "::auth 200",
                "id": "88c2b5273b2807f5ce094aef111972e8"
            }
        },
        "name": "",
        "path": "",
        "id": "d41d8cd98f00b204e9800998ecf8427e",
        "groups": {
            "setup": {
                "checks": {
                    "auth 200": {
                        "path": "::setup::auth 200",
                        "id": "739fb15207d8222a116cd477eb8d845b",
                        "passes": 1,
                        "fails": 0,
                        "name": "auth 200"
                    }
                },
                "name": "setup",
                "path": "::setup",
                "id": "5c0f8025f7e0b6654089e5b00e950f1a",
                "groups": {}
            }
        }
    }
}