{
    "metrics": {
        "http_req_duration{expected_response:true}": {
            "avg": 0.7260757014752727,
            "min": 0,
            "med": 0.58955,
            "max": 184.8619,
            "p(90)": 1.4931,
            "p(95)": 1.7996450000000008
        },
        "data_sent": {
            "count": 4413020,
            "rate": 72962.05535979211
        },
        "iteration_duration": {
            "avg": 505.6286054336801,
            "min": 503.4622,
            "med": 505.3096,
            "max": 637.1546,
            "p(90)": 507.19996000000003,
            "p(95)": 507.9982
        },
        "http_req_blocked": {
            "p(95)": 0,
            "avg": 0.0018371372095265653,
            "min": 0,
            "med": 0,
            "max": 3.1465,
            "p(90)": 0
        },
        "checks": {
            "passes": 23705,
            "fails": 0,
            "value": 1
        },
        "data_received": {
            "count": 11303659,
            "rate": 186887.4815265311
        },
        "http_reqs": {
            "count": 20742,
            "rate": 342.93498608046366
        },
        "iterations": {
            "rate": 48.98835038841066,
            "count": 2963
        },
        "http_req_tls_handshaking": {
            "min": 0,
            "med": 0,
            "max": 0,
            "p(90)": 0,
            "p(95)": 0,
            "avg": 0
        },
        "http_req_failed": {
            "fails": 20742,
            "passes": 0,
            "thresholds": {
                "rate<0.05": false
            },
            "value": 0
        },
        "http_req_receiving": {
            "med": 0,
            "max": 13.9263,
            "p(90)": 0.6548900000000002,
            "p(95)": 0.8472950000000001,
            "avg": 0.19270027962587943,
            "min": 0
        },
        "vus": {
            "value": 3,
            "min": 1,
            "max": 49
        },
        "http_req_waiting": {
            "avg": 0.527476718734937,
            "min": 0,
            "med": 0.5156,
            "max": 171.6922,
            "p(90)": 1.1442900000000003,
            "p(95)": 1.5524
        },
        "http_req_sending": {
            "avg": 0.005898703114453774,
            "min": 0,
            "med": 0,
            "max": 1.8232,
            "p(90)": 0,
            "p(95)": 0
        },
        "http_req_duration": {
            "max": 184.8619,
            "p(90)": 1.4931,
            "p(95)": 1.7996450000000008,
            "avg": 0.7260757014752727,
            "min": 0,
            "med": 0.58955,
            "thresholds": {
                "p(95)<2000": false
            }
        },
        "http_req_connecting": {
            "p(95)": 0,
            "avg": 0.0005167871950631568,
            "min": 0,
            "med": 0,
            "max": 0.5765,
            "p(90)": 0
        },
        "vus_max": {
            "min": 50,
            "max": 50,
            "value": 50
        }
    },
    "setup_data": {
        "token": "eyJhbGciOiJIUzI1NiIsInR5cCI6IkpXVCJ9.eyJ1bmlxdWVfbmFtZSI6ImFkbWluQG1pY3Jvc29mdC5jb20iLCJyb2xlIjoiQWRtaW5pc3RyYXRvcnMiLCJuYmYiOjE3NzQ5NjYxNDQsImV4cCI6MTc3NTU3MDk0NCwiaWF0IjoxNzc0OTY2MTQ0fQ.gadP7aS39cVbDYYNILj72J4fcw3iOUBtdOksmZUd0sE"
    },
    "root_group": {
        "id": "d41d8cd98f00b204e9800998ecf8427e",
        "groups": {
            "setup": {
                "checks": {
                    "auth 200": {
                        "name": "auth 200",
                        "path": "::setup::auth 200",
                        "id": "739fb15207d8222a116cd477eb8d845b",
                        "passes": 1,
                        "fails": 0
                    }
                },
                "name": "setup",
                "path": "::setup",
                "id": "5c0f8025f7e0b6654089e5b00e950f1a",
                "groups": {}
            }
        },
        "checks": {
            "catalog list 200": {
                "name": "catalog list 200",
                "path": "::catalog list 200",
                "id": "aad072edee74164fc9b8c1524052d20b",
                "passes": 2963,
                "fails": 0
            },
            "catalog has items": {
                "path": "::catalog has items",
                "id": "04890e4ce7c22daebc8706c25f9ddc9f",
                "passes": 2963,
                "fails": 0,
                "name": "catalog has items"
            },
            "item detail 200": {
                "path": "::item detail 200",
                "id": "7f5666810b13a32df7652f9277560526",
                "passes": 2963,
                "fails": 0,
                "name": "item detail 200"
            },
            "brands 200": {
                "path": "::brands 200",
                "id": "5f8500be7d630320b5268a356b6b08f6",
                "passes": 2963,
                "fails": 0,
                "name": "brands 200"
            },
            "types 200": {
                "id": "593eae1d2a83c4fa30bdf56b6ece6f95",
                "passes": 2963,
                "fails": 0,
                "name": "types 200",
                "path": "::types 200"
            },
            "health 200": {
                "passes": 2963,
                "fails": 0,
                "name": "health 200",
                "path": "::health 200",
                "id": "8e4f90a842a57472549a6b2cf699032d"
            },
            "update 200": {
                "name": "update 200",
                "path": "::update 200",
                "id": "7ea104c1961d25326c0409f06885ea15",
                "passes": 2963,
                "fails": 0
            },
            "create 201": {
                "name": "create 201",
                "path": "::create 201",
                "id": "156654209db568811cc0f7da2d599478",
                "passes": 2963,
                "fails": 0
            }
        },
        "name": "",
        "path": ""
    }
}