{
    "metrics": {
        "checks": {
            "passes": 23721,
            "fails": 0,
            "value": 1
        },
        "http_req_blocked": {
            "avg": 0.0019399691655424946,
            "min": 0,
            "med": 0,
            "max": 3.6692,
            "p(90)": 0,
            "p(95)": 0
        },
        "http_req_connecting": {
            "max": 0.7797,
            "p(90)": 0,
            "p(95)": 0,
            "avg": 0.0006862160339179031,
            "min": 0,
            "med": 0
        },
        "vus": {
            "value": 2,
            "min": 1,
            "max": 49
        },
        "http_reqs": {
            "count": 20756,
            "rate": 343.12283024320993
        },
        "iterations": {
            "count": 2965,
            "rate": 49.01518556904594
        },
        "http_req_tls_handshaking": {
            "min": 0,
            "med": 0,
            "max": 0,
            "p(90)": 0,
            "p(95)": 0,
            "avg": 0
        },
        "http_req_failed": {
            "passes": 0,
            "fails": 20756,
            "thresholds": {
                "rate<0.05": false
            },
            "value": 0
        },
        "http_req_receiving": {
            "avg": 0.20054179996145635,
            "min": 0,
            "med": 0,
            "max": 15.5418,
            "p(90)": 0.65965,
            "p(95)": 0.8422499999999999
        },
        "iteration_duration": {
            "avg": 505.1417672512654,
            "min": 503.3527,
            "med": 505.042,
            "max": 649.8178,
            "p(90)": 506.0777,
            "p(95)": 506.54884
        },
        "data_sent": {
            "count": 4415835,
            "rate": 72999.31600920336
        },
        "vus_max": {
            "value": 50,
            "min": 50,
            "max": 50
        },
        "http_req_sending": {
            "med": 0,
            "max": 2.3859,
            "p(90)": 0,
            "p(95)": 0,
            "avg": 0.0045297456157255755,
            "min": 0
        },
        "data_received": {
            "count": 11326079,
            "rate": 187234.35546532014
        },
        "http_req_duration{expected_response:true}": {
            "p(95)": 1.52905,
            "avg": 0.6697066149547143,
            "min": 0,
            "med": 0.5859,
            "max": 186.8588,
            "p(90)": 1.3607
        },
        "http_req_waiting": {
            "avg": 0.46463506937752974,
            "min": 0,
            "med": 0.5151,
            "max": 171.317,
            "p(90)": 1.0482,
            "p(95)": 1.2431
        },
        "http_req_duration": {
            "avg": 0.6697066149547143,
            "min": 0,
            "med": 0.5859,
            "max": 186.8588,
            "p(90)": 1.3607,
            "p(95)": 1.52905,
            "thresholds": {
                "p(95)<2000": false
            }
        }
    },
    "setup_data": {
        "token": "eyJhbGciOiJIUzI1NiIsInR5cCI6IkpXVCJ9.eyJ1bmlxdWVfbmFtZSI6ImFkbWluQG1pY3Jvc29mdC5jb20iLCJyb2xlIjoiQWRtaW5pc3RyYXRvcnMiLCJuYmYiOjE3NzQ5NjYwMDksImV4cCI6MTc3NTU3MDgwOSwiaWF0IjoxNzc0OTY2MDA5fQ.v6N5vI0o0QftRX-M3XBvUzyiQltixWFmPF_WRtikVWQ"
    },
    "root_group": {
        "id": "d41d8cd98f00b204e9800998ecf8427e",
        "groups": {
            "setup": {
                "id": "5c0f8025f7e0b6654089e5b00e950f1a",
                "groups": {},
                "checks": {
                        "auth 200": {
                            "name": "auth 200",
                            "path": "::setup::auth 200",
                            "id": "739fb15207d8222a116cd477eb8d845b",
                            "passes": 1,
                            "fails": 0
                        }
                    },
                "name": "setup",
                "path": "::setup"
            }
        },
        "checks": {
            "catalog list 200": {
                "id": "aad072edee74164fc9b8c1524052d20b",
                "passes": 2965,
                "fails": 0,
                "name": "catalog list 200",
                "path": "::catalog list 200"
            },
            "catalog has items": {
                "name": "catalog has items",
                "path": "::catalog has items",
                "id": "04890e4ce7c22daebc8706c25f9ddc9f",
                "passes": 2965,
                "fails": 0
            },
            "item detail 200": {
                "fails": 0,
                "name": "item detail 200",
                "path": "::item detail 200",
                "id": "7f5666810b13a32df7652f9277560526",
                "passes": 2965
            },
            "brands 200": {
                "id": "5f8500be7d630320b5268a356b6b08f6",
                "passes": 2965,
                "fails": 0,
                "name": "brands 200",
                "path": "::brands 200"
            },
            "types 200": {
                "name": "types 200",
                "path": "::types 200",
                "id": "593eae1d2a83c4fa30bdf56b6ece6f95",
                "passes": 2965,
                "fails": 0
            },
            "health 200": {
                "fails": 0,
                "name": "health 200",
                "path": "::health 200",
                "id": "8e4f90a842a57472549a6b2cf699032d",
                "passes": 2965
            },
            "update 200": {
                "name": "update 200",
                "path": "::update 200",
                "id": "7ea104c1961d25326c0409f06885ea15",
                "passes": 2965,
                "fails": 0
            },
            "create 201": {
                "path": "::create 201",
                "id": "156654209db568811cc0f7da2d599478",
                "passes": 2965,
                "fails": 0,
                "name": "create 201"
            }
        },
        "name": "",
        "path": ""
    }
}